[2021-06-29 18:22:23.673] [exthost] [info] extension host started
[2021-06-29 18:22:23.760] [exthost] [info] ExtensionService#_doActivateExtension vscode.microsoft-authentication {"startup":false,"extensionId":{"value":"vscode.microsoft-authentication","_lower":"vscode.microsoft-authentication"},"activationEvent":"onAuthenticationRequest:microsoft"}
[2021-06-29 18:22:23.760] [exthost] [info] ExtensionService#loadCommonJSModule file:///snap/code/67/usr/share/code/resources/app/extensions/microsoft-authentication/dist/extension.js
[2021-06-29 18:22:23.785] [exthost] [info] ExtensionService#_doActivateExtension vscode.debug-auto-launch {"startup":true,"extensionId":{"value":"vscode.debug-auto-launch","_lower":"vscode.debug-auto-launch"},"activationEvent":"*"}
[2021-06-29 18:22:23.785] [exthost] [info] ExtensionService#loadCommonJSModule file:///snap/code/67/usr/share/code/resources/app/extensions/debug-auto-launch/dist/extension
[2021-06-29 18:22:23.789] [exthost] [info] ExtensionService#_doActivateExtension vscode.git {"startup":true,"extensionId":{"value":"vscode.github","_lower":"vscode.github"},"activationEvent":"*"}
[2021-06-29 18:22:23.789] [exthost] [info] ExtensionService#loadCommonJSModule file:///snap/code/67/usr/share/code/resources/app/extensions/git/dist/main
[2021-06-29 18:22:23.972] [exthost] [info] ExtensionService#_doActivateExtension ms-vscode.js-debug {"startup":false,"extensionId":{"value":"ms-vscode.js-debug","_lower":"ms-vscode.js-debug"},"activationEvent":"onCommand:extension.js-debug.clearAutoAttachVariables"}
[2021-06-29 18:22:23.972] [exthost] [info] ExtensionService#loadCommonJSModule file:///snap/code/67/usr/share/code/resources/app/extensions/ms-vscode.js-debug/src/extension.js
[2021-06-29 18:22:24.208] [exthost] [info] ExtensionService#_doActivateExtension vscode.github-authentication {"startup":false,"extensionId":{"value":"vscode.github-authentication","_lower":"vscode.github-authentication"},"activationEvent":"onAuthenticationRequest:github"}
[2021-06-29 18:22:24.208] [exthost] [info] ExtensionService#loadCommonJSModule file:///snap/code/67/usr/share/code/resources/app/extensions/github-authentication/dist/extension.js
[2021-06-29 18:22:24.722] [exthost] [info] ExtensionService#_doActivateExtension vscode.github {"startup":true,"extensionId":{"value":"vscode.github","_lower":"vscode.github"},"activationEvent":"*"}
[2021-06-29 18:22:24.722] [exthost] [info] ExtensionService#loadCommonJSModule file:///snap/code/67/usr/share/code/resources/app/extensions/github/dist/extension.js
[2021-06-29 18:22:24.731] [exthost] [info] eager extensions activated
[2021-06-29 18:22:24.732] [exthost] [info] ExtensionService#_doActivateExtension vscode.emmet {"startup":false,"extensionId":{"value":"vscode.emmet","_lower":"vscode.emmet"},"activationEvent":"onStartupFinished"}
[2021-06-29 18:22:24.732] [exthost] [info] ExtensionService#loadCommonJSModule file:///snap/code/67/usr/share/code/resources/app/extensions/emmet/dist/node/emmetNodeMain
[2021-06-29 18:22:24.743] [exthost] [info] ExtensionService#_doActivateExtension vscode.merge-conflict {"startup":false,"extensionId":{"value":"vscode.merge-conflict","_lower":"vscode.merge-conflict"},"activationEvent":"onStartupFinished"}
[2021-06-29 18:22:24.743] [exthost] [info] ExtensionService#loadCommonJSModule file:///snap/code/67/usr/share/code/resources/app/extensions/merge-conflict/dist/mergeConflictMain
[2021-06-29 18:22:24.747] [exthost] [info] ExtensionService#_doActivateExtension vscode.testing-editor-contributions {"startup":false,"extensionId":{"value":"vscode.testing-editor-contributions","_lower":"vscode.testing-editor-contributions"},"activationEvent":"onStartupFinished"}
[2021-06-29 18:22:24.747] [exthost] [info] ExtensionService#loadCommonJSModule file:///snap/code/67/usr/share/code/resources/app/extensions/testing-editor-contributions/dist/extension.js
[2021-06-29 18:22:39.637] [exthost] [info] ExtensionService#_doActivateExtension vscode.configuration-editing {"startup":false,"extensionId":{"value":"vscode.configuration-editing","_lower":"vscode.configuration-editing"},"activationEvent":"onLanguage:jsonc"}
[2021-06-29 18:22:39.637] [exthost] [info] ExtensionService#loadCommonJSModule file:///snap/code/67/usr/share/code/resources/app/extensions/configuration-editing/dist/configurationEditingMain
[2021-06-29 18:22:39.643] [exthost] [info] ExtensionService#_doActivateExtension vscode.json-language-features {"startup":false,"extensionId":{"value":"vscode.json-language-features","_lower":"vscode.json-language-features"},"activationEvent":"onLanguage:jsonc"}
[2021-06-29 18:22:39.643] [exthost] [info] ExtensionService#loadCommonJSModule file:///snap/code/67/usr/share/code/resources/app/extensions/json-language-features/client/dist/node/jsonClientMain
[2021-06-29 18:22:39.687] [exthost] [info] ExtensionService#_doActivateExtension vscode.typescript-language-features {"startup":false,"extensionId":{"value":"vscode.typescript-language-features","_lower":"vscode.typescript-language-features"},"activationEvent":"onLanguage:jsonc"}
[2021-06-29 18:22:39.687] [exthost] [info] ExtensionService#loadCommonJSModule file:///snap/code/67/usr/share/code/resources/app/extensions/typescript-language-features/dist/extension
[2021-06-29 18:23:09.645] [exthost] [info] extension host terminating: renderer closed the socket
[2021-06-29 18:23:10.654] [exthost] [info] exiting with code 0
[2021-06-29 18:23:11.309] [exthost] [info] extension host started
[2021-06-29 18:23:11.363] [exthost] [info] ExtensionService#_doActivateExtension vscode.microsoft-authentication {"startup":false,"extensionId":{"value":"vscode.microsoft-authentication","_lower":"vscode.microsoft-authentication"},"activationEvent":"onAuthenticationRequest:microsoft"}
[2021-06-29 18:23:11.363] [exthost] [info] ExtensionService#loadCommonJSModule file:///snap/code/67/usr/share/code/resources/app/extensions/microsoft-authentication/dist/extension.js
[2021-06-29 18:23:11.370] [exthost] [info] ExtensionService#_doActivateExtension vscode.debug-auto-launch {"startup":true,"extensionId":{"value":"vscode.debug-auto-launch","_lower":"vscode.debug-auto-launch"},"activationEvent":"*"}
[2021-06-29 18:23:11.370] [exthost] [info] ExtensionService#loadCommonJSModule file:///snap/code/67/usr/share/code/resources/app/extensions/debug-auto-launch/dist/extension
[2021-06-29 18:23:11.373] [exthost] [info] ExtensionService#_doActivateExtension vscode.git {"startup":true,"extensionId":{"value":"vscode.github","_lower":"vscode.github"},"activationEvent":"*"}
[2021-06-29 18:23:11.373] [exthost] [info] ExtensionService#loadCommonJSModule file:///snap/code/67/usr/share/code/resources/app/extensions/git/dist/main
[2021-06-29 18:23:11.390] [exthost] [info] ExtensionService#_doActivateExtension vscode.npm {"startup":true,"extensionId":{"value":"vscode.npm","_lower":"vscode.npm"},"activationEvent":"workspaceContains:package.json"}
[2021-06-29 18:23:11.390] [exthost] [info] ExtensionService#loadCommonJSModule file:///snap/code/67/usr/share/code/resources/app/extensions/npm/dist/npmMain
[2021-06-29 18:23:11.506] [exthost] [info] ExtensionService#_doActivateExtension vscode.github {"startup":true,"extensionId":{"value":"vscode.github","_lower":"vscode.github"},"activationEvent":"*"}
[2021-06-29 18:23:11.507] [exthost] [info] ExtensionService#loadCommonJSModule file:///snap/code/67/usr/share/code/resources/app/extensions/github/dist/extension.js
[2021-06-29 18:23:11.536] [exthost] [info] ExtensionService#_doActivateExtension ms-vscode.js-debug {"startup":false,"extensionId":{"value":"ms-vscode.js-debug","_lower":"ms-vscode.js-debug"},"activationEvent":"onCommand:extension.js-debug.clearAutoAttachVariables"}
[2021-06-29 18:23:11.556] [exthost] [info] ExtensionService#loadCommonJSModule file:///snap/code/67/usr/share/code/resources/app/extensions/ms-vscode.js-debug/src/extension.js
[2021-06-29 18:23:11.666] [exthost] [info] ExtensionService#_doActivateExtension vscode.github-authentication {"startup":false,"extensionId":{"value":"vscode.github-authentication","_lower":"vscode.github-authentication"},"activationEvent":"onAuthenticationRequest:github"}
[2021-06-29 18:23:11.666] [exthost] [info] ExtensionService#loadCommonJSModule file:///snap/code/67/usr/share/code/resources/app/extensions/github-authentication/dist/extension.js
[2021-06-29 18:23:12.872] [exthost] [info] eager extensions activated
[2021-06-29 18:23:12.877] [exthost] [info] ExtensionService#_doActivateExtension vscode.emmet {"startup":false,"extensionId":{"value":"vscode.emmet","_lower":"vscode.emmet"},"activationEvent":"onStartupFinished"}
[2021-06-29 18:23:12.877] [exthost] [info] ExtensionService#loadCommonJSModule file:///snap/code/67/usr/share/code/resources/app/extensions/emmet/dist/node/emmetNodeMain
[2021-06-29 18:23:12.882] [exthost] [info] ExtensionService#_doActivateExtension vscode.merge-conflict {"startup":false,"extensionId":{"value":"vscode.merge-conflict","_lower":"vscode.merge-conflict"},"activationEvent":"onStartupFinished"}
[2021-06-29 18:23:12.882] [exthost] [info] ExtensionService#loadCommonJSModule file:///snap/code/67/usr/share/code/resources/app/extensions/merge-conflict/dist/mergeConflictMain
[2021-06-29 18:23:12.884] [exthost] [info] ExtensionService#_doActivateExtension vscode.testing-editor-contributions {"startup":false,"extensionId":{"value":"vscode.testing-editor-contributions","_lower":"vscode.testing-editor-contributions"},"activationEvent":"onStartupFinished"}
[2021-06-29 18:23:12.884] [exthost] [info] ExtensionService#loadCommonJSModule file:///snap/code/67/usr/share/code/resources/app/extensions/testing-editor-contributions/dist/extension.js
[2021-06-29 18:23:14.206] [exthost] [warning] [Decorations] CAPPING events from decorations provider vscode.git 292
[2021-06-29 18:23:26.822] [exthost] [warning] [Decorations] CAPPING events from decorations provider vscode.git 335
[2021-06-29 18:23:31.873] [exthost] [warning] [Decorations] CAPPING events from decorations provider vscode.git 334
[2021-06-29 18:23:36.927] [exthost] [warning] [Decorations] CAPPING events from decorations provider vscode.git 334
[2021-06-29 18:23:41.980] [exthost] [warning] [Decorations] CAPPING events from decorations provider vscode.git 334
[2021-06-29 18:28:21.645] [exthost] [warning] [Decorations] CAPPING events from decorations provider vscode.git 334
[2021-06-29 18:28:26.697] [exthost] [warning] [Decorations] CAPPING events from decorations provider vscode.git 334
[2021-06-29 18:28:31.746] [exthost] [warning] [Decorations] CAPPING events from decorations provider vscode.git 334
[2021-06-29 18:28:36.800] [exthost] [warning] [Decorations] CAPPING events from decorations provider vscode.git 334
[2021-06-29 18:28:41.851] [exthost] [warning] [Decorations] CAPPING events from decorations provider vscode.git 334
[2021-06-29 18:28:42.946] [exthost] [info] ExtensionService#_doActivateExtension vscode.css-language-features {"startup":false,"extensionId":{"value":"vscode.css-language-features","_lower":"vscode.css-language-features"},"activationEvent":"onLanguage:css"}
[2021-06-29 18:28:42.947] [exthost] [info] ExtensionService#loadCommonJSModule file:///snap/code/67/usr/share/code/resources/app/extensions/css-language-features/client/dist/node/cssClientMain
[2021-06-29 18:28:46.900] [exthost] [warning] [Decorations] CAPPING events from decorations provider vscode.git 334
[2021-06-29 18:28:51.950] [exthost] [warning] [Decorations] CAPPING events from decorations provider vscode.git 334
[2021-06-29 18:28:57.003] [exthost] [warning] [Decorations] CAPPING events from decorations provider vscode.git 335
[2021-06-29 18:29:02.054] [exthost] [warning] [Decorations] CAPPING events from decorations provider vscode.git 335
[2021-06-29 18:29:07.111] [exthost] [warning] [Decorations] CAPPING events from decorations provider vscode.git 335
[2021-06-29 18:29:12.167] [exthost] [warning] [Decorations] CAPPING events from decorations provider vscode.git 335
[2021-06-29 18:29:17.222] [exthost] [warning] [Decorations] CAPPING events from decorations provider vscode.git 335
[2021-06-29 18:29:22.275] [exthost] [warning] [Decorations] CAPPING events from decorations provider vscode.git 335
[2021-06-29 18:29:27.331] [exthost] [warning] [Decorations] CAPPING events from decorations provider vscode.git 335
[2021-06-29 18:29:32.384] [exthost] [warning] [Decorations] CAPPING events from decorations provider vscode.git 335
[2021-06-29 18:29:37.436] [exthost] [warning] [Decorations] CAPPING events from decorations provider vscode.git 335
[2021-06-29 18:29:42.488] [exthost] [warning] [Decorations] CAPPING events from decorations provider vscode.git 335
[2021-06-29 18:29:47.539] [exthost] [warning] [Decorations] CAPPING events from decorations provider vscode.git 335
[2021-06-29 18:29:52.593] [exthost] [warning] [Decorations] CAPPING events from decorations provider vscode.git 335
[2021-06-29 18:29:57.649] [exthost] [warning] [Decorations] CAPPING events from decorations provider vscode.git 335
[2021-06-29 18:30:02.701] [exthost] [warning] [Decorations] CAPPING events from decorations provider vscode.git 335
[2021-06-29 18:30:07.753] [exthost] [warning] [Decorations] CAPPING events from decorations provider vscode.git 335
[2021-06-29 18:30:12.805] [exthost] [warning] [Decorations] CAPPING events from decorations provider vscode.git 335
[2021-06-29 18:30:17.855] [exthost] [warning] [Decorations] CAPPING events from decorations provider vscode.git 335
[2021-06-29 18:30:22.909] [exthost] [warning] [Decorations] CAPPING events from decorations provider vscode.git 335
[2021-06-29 18:33:29.159] [exthost] [warning] [Decorations] CAPPING events from decorations provider vscode.git 335
[2021-06-29 18:33:34.333] [exthost] [warning] [Decorations] CAPPING events from decorations provider vscode.git 335
[2021-06-29 18:35:21.616] [exthost] [warning] [Decorations] CAPPING events from decorations provider vscode.git 335
[2021-06-29 18:35:57.763] [exthost] [warning] [Decorations] CAPPING events from decorations provider vscode.git 335
[2021-06-29 18:36:10.010] [exthost] [warning] [Decorations] CAPPING events from decorations provider vscode.git 335
[2021-06-29 18:36:23.591] [exthost] [warning] [Decorations] CAPPING events from decorations provider vscode.git 335
[2021-06-29 23:55:44.199] [exthost] [warning] [Decorations] CAPPING events from decorations provider vscode.git 337
[2021-06-29 23:55:49.264] [exthost] [warning] [Decorations] CAPPING events from decorations provider vscode.git 337
[2021-06-29 23:55:54.315] [exthost] [warning] [Decorations] CAPPING events from decorations provider vscode.git 337
[2021-06-29 23:55:59.362] [exthost] [warning] [Decorations] CAPPING events from decorations provider vscode.git 337
[2021-06-29 23:56:04.412] [exthost] [warning] [Decorations] CAPPING events from decorations provider vscode.git 337
[2021-06-29 23:56:09.459] [exthost] [warning] [Decorations] CAPPING events from decorations provider vscode.git 337
[2021-06-29 23:56:14.512] [exthost] [warning] [Decorations] CAPPING events from decorations provider vscode.git 337
[2021-06-29 23:56:19.563] [exthost] [warning] [Decorations] CAPPING events from decorations provider vscode.git 337
[2021-06-29 23:56:24.619] [exthost] [warning] [Decorations] CAPPING events from decorations provider vscode.git 337
[2021-06-30 00:36:35.646] [exthost] [warning] [Decorations] CAPPING events from decorations provider vscode.git 338
[2021-06-30 00:36:39.217] [exthost] [info] ExtensionService#_doActivateExtension vscode.typescript-language-features {"startup":false,"extensionId":{"value":"vscode.typescript-language-features","_lower":"vscode.typescript-language-features"},"activationEvent":"onLanguage:javascript"}
[2021-06-30 00:36:39.218] [exthost] [info] ExtensionService#loadCommonJSModule file:///snap/code/67/usr/share/code/resources/app/extensions/typescript-language-features/dist/extension
[2021-06-30 00:36:40.707] [exthost] [warning] [Decorations] CAPPING events from decorations provider vscode.git 339
[2021-06-30 00:37:15.283] [exthost] [warning] [Decorations] CAPPING events from decorations provider vscode.git 339
[2021-06-30 00:38:18.432] [exthost] [warning] [Decorations] CAPPING events from decorations provider vscode.git 339
[2021-06-30 00:38:20.594] [exthost] [info] ExtensionService#_doActivateExtension vscode.extension-editing {"startup":false,"extensionId":{"value":"vscode.extension-editing","_lower":"vscode.extension-editing"},"activationEvent":"onLanguage:typescript"}
[2021-06-30 00:38:20.594] [exthost] [info] ExtensionService#loadCommonJSModule file:///snap/code/67/usr/share/code/resources/app/extensions/extension-editing/dist/extensionEditingMain
[2021-06-30 00:38:23.482] [exthost] [warning] [Decorations] CAPPING events from decorations provider vscode.git 339
[2021-06-30 00:38:28.532] [exthost] [warning] [Decorations] CAPPING events from decorations provider vscode.git 340
[2021-06-30 00:38:33.582] [exthost] [warning] [Decorations] CAPPING events from decorations provider vscode.git 340
[2021-06-30 00:38:38.679] [exthost] [warning] [Decorations] CAPPING events from decorations provider vscode.git 340
[2021-06-30 00:38:43.740] [exthost] [warning] [Decorations] CAPPING events from decorations provider vscode.git 340
[2021-06-30 00:38:48.798] [exthost] [warning] [Decorations] CAPPING events from decorations provider vscode.git 341
[2021-06-30 00:38:53.853] [exthost] [warning] [Decorations] CAPPING events from decorations provider vscode.git 341
[2021-06-30 00:38:58.907] [exthost] [warning] [Decorations] CAPPING events from decorations provider vscode.git 341
[2021-06-30 00:39:03.959] [exthost] [warning] [Decorations] CAPPING events from decorations provider vscode.git 341
[2021-06-30 00:39:09.014] [exthost] [warning] [Decorations] CAPPING events from decorations provider vscode.git 341
[2021-06-30 00:39:14.094] [exthost] [warning] [Decorations] CAPPING events from decorations provider vscode.git 341
[2021-06-30 00:39:19.154] [exthost] [warning] [Decorations] CAPPING events from decorations provider vscode.git 341
[2021-06-30 00:39:24.217] [exthost] [warning] [Decorations] CAPPING events from decorations provider vscode.git 341
[2021-06-30 00:39:29.282] [exthost] [warning] [Decorations] CAPPING events from decorations provider vscode.git 341
[2021-06-30 00:39:34.335] [exthost] [warning] [Decorations] CAPPING events from decorations provider vscode.git 341
[2021-06-30 00:39:39.392] [exthost] [warning] [Decorations] CAPPING events from decorations provider vscode.git 341
[2021-06-30 00:39:44.453] [exthost] [warning] [Decorations] CAPPING events from decorations provider vscode.git 341
[2021-06-30 00:40:14.029] [exthost] [warning] [Decorations] CAPPING events from decorations provider vscode.git 342
[2021-06-30 01:43:02.675] [exthost] [warning] [Decorations] CAPPING events from decorations provider vscode.git 342
[2021-06-30 01:43:21.418] [exthost] [warning] [Decorations] CAPPING events from decorations provider vscode.git 342
[2021-06-30 01:43:28.977] [exthost] [warning] [Decorations] CAPPING events from decorations provider vscode.git 342
[2021-06-30 01:43:34.028] [exthost] [warning] [Decorations] CAPPING events from decorations provider vscode.git 342
[2021-06-30 01:43:39.076] [exthost] [warning] [Decorations] CAPPING events from decorations provider vscode.git 343
[2021-06-30 01:43:56.379] [exthost] [warning] [Decorations] CAPPING events from decorations provider vscode.git 343
[2021-06-30 01:44:01.434] [exthost] [warning] [Decorations] CAPPING events from decorations provider vscode.git 343
[2021-06-30 01:44:06.489] [exthost] [warning] [Decorations] CAPPING events from decorations provider vscode.git 343
[2021-06-30 01:44:11.544] [exthost] [warning] [Decorations] CAPPING events from decorations provider vscode.git 343
[2021-06-30 01:44:16.594] [exthost] [warning] [Decorations] CAPPING events from decorations provider vscode.git 343
[2021-06-30 01:44:25.863] [exthost] [warning] [Decorations] CAPPING events from decorations provider vscode.git 343
[2021-06-30 01:46:22.065] [exthost] [warning] [Decorations] CAPPING events from decorations provider vscode.git 343
[2021-06-30 01:53:27.456] [exthost] [warning] [Decorations] CAPPING events from decorations provider vscode.git 343
[2021-06-30 01:53:32.506] [exthost] [warning] [Decorations] CAPPING events from decorations provider vscode.git 343
[2021-06-30 01:53:37.557] [exthost] [warning] [Decorations] CAPPING events from decorations provider vscode.git 343
[2021-06-30 01:53:42.607] [exthost] [warning] [Decorations] CAPPING events from decorations provider vscode.git 343
[2021-06-30 01:53:47.664] [exthost] [warning] [Decorations] CAPPING events from decorations provider vscode.git 343
[2021-06-30 01:54:03.986] [exthost] [warning] [Decorations] CAPPING events from decorations provider vscode.git 343
[2021-06-30 01:54:09.039] [exthost] [warning] [Decorations] CAPPING events from decorations provider vscode.git 343
[2021-06-30 01:54:14.096] [exthost] [warning] [Decorations] CAPPING events from decorations provider vscode.git 343
[2021-06-30 01:54:19.144] [exthost] [warning] [Decorations] CAPPING events from decorations provider vscode.git 343
[2021-06-30 01:54:24.191] [exthost] [warning] [Decorations] CAPPING events from decorations provider vscode.git 343
[2021-06-30 01:54:29.250] [exthost] [warning] [Decorations] CAPPING events from decorations provider vscode.git 343
[2021-06-30 01:54:34.297] [exthost] [warning] [Decorations] CAPPING events from decorations provider vscode.git 343
[2021-06-30 01:54:39.345] [exthost] [warning] [Decorations] CAPPING events from decorations provider vscode.git 343
[2021-06-30 01:54:44.399] [exthost] [warning] [Decorations] CAPPING events from decorations provider vscode.git 343
[2021-06-30 01:54:49.456] [exthost] [warning] [Decorations] CAPPING events from decorations provider vscode.git 343
[2021-06-30 01:55:13.530] [exthost] [warning] [Decorations] CAPPING events from decorations provider vscode.git 343
[2021-06-30 01:55:18.582] [exthost] [warning] [Decorations] CAPPING events from decorations provider vscode.git 342
[2021-06-30 02:21:35.052] [exthost] [warning] [Decorations] CAPPING events from decorations provider vscode.git 343
[2021-06-30 02:21:40.102] [exthost] [warning] [Decorations] CAPPING events from decorations provider vscode.git 342
[2021-06-30 02:21:45.152] [exthost] [warning] [Decorations] CAPPING events from decorations provider vscode.git 342
[2021-06-30 02:21:50.203] [exthost] [warning] [Decorations] CAPPING events from decorations provider vscode.git 342
[2021-06-30 02:21:55.257] [exthost] [warning] [Decorations] CAPPING events from decorations provider vscode.git 342
[2021-06-30 02:22:00.309] [exthost] [warning] [Decorations] CAPPING events from decorations provider vscode.git 342
[2021-06-30 02:22:05.357] [exthost] [warning] [Decorations] CAPPING events from decorations provider vscode.git 342
[2021-06-30 02:22:10.408] [exthost] [warning] [Decorations] CAPPING events from decorations provider vscode.git 343
[2021-06-30 02:22:15.457] [exthost] [warning] [Decorations] CAPPING events from decorations provider vscode.git 343
[2021-06-30 02:22:20.501] [exthost] [warning] [Decorations] CAPPING events from decorations provider vscode.git 343
[2021-06-30 02:22:25.556] [exthost] [warning] [Decorations] CAPPING events from decorations provider vscode.git 343
[2021-06-30 02:23:47.498] [exthost] [warning] [Decorations] CAPPING events from decorations provider vscode.git 343
[2021-06-30 02:23:52.552] [exthost] [warning] [Decorations] CAPPING events from decorations provider vscode.git 342
[2021-06-30 02:23:57.619] [exthost] [warning] [Decorations] CAPPING events from decorations provider vscode.git 342
[2021-06-30 02:24:02.673] [exthost] [warning] [Decorations] CAPPING events from decorations provider vscode.git 342
[2021-06-30 02:24:07.725] [exthost] [warning] [Decorations] CAPPING events from decorations provider vscode.git 343
[2021-06-30 02:24:12.780] [exthost] [warning] [Decorations] CAPPING events from decorations provider vscode.git 343
[2021-06-30 02:24:17.830] [exthost] [warning] [Decorations] CAPPING events from decorations provider vscode.git 343
[2021-06-30 02:24:40.194] [exthost] [warning] [Decorations] CAPPING events from decorations provider vscode.git 342
[2021-06-30 02:24:45.240] [exthost] [warning] [Decorations] CAPPING events from decorations provider vscode.git 342
[2021-06-30 02:24:50.293] [exthost] [warning] [Decorations] CAPPING events from decorations provider vscode.git 342
[2021-06-30 02:24:55.342] [exthost] [warning] [Decorations] CAPPING events from decorations provider vscode.git 342
[2021-06-30 02:25:00.393] [exthost] [warning] [Decorations] CAPPING events from decorations provider vscode.git 342
[2021-06-30 02:25:05.447] [exthost] [warning] [Decorations] CAPPING events from decorations provider vscode.git 343
[2021-06-30 02:25:10.501] [exthost] [warning] [Decorations] CAPPING events from decorations provider vscode.git 343
[2021-06-30 02:25:15.562] [exthost] [warning] [Decorations] CAPPING events from decorations provider vscode.git 343
[2021-06-30 02:25:20.622] [exthost] [warning] [Decorations] CAPPING events from decorations provider vscode.git 343
[2021-06-30 02:27:18.392] [exthost] [warning] [Decorations] CAPPING events from decorations provider vscode.git 343
[2021-06-30 02:27:23.443] [exthost] [warning] [Decorations] CAPPING events from decorations provider vscode.git 343
[2021-06-30 02:27:28.523] [exthost] [warning] [Decorations] CAPPING events from decorations provider vscode.git 343
[2021-06-30 02:27:33.576] [exthost] [warning] [Decorations] CAPPING events from decorations provider vscode.git 343
[2021-06-30 02:27:38.628] [exthost] [warning] [Decorations] CAPPING events from decorations provider vscode.git 343
[2021-06-30 02:27:43.680] [exthost] [warning] [Decorations] CAPPING events from decorations provider vscode.git 343
[2021-06-30 02:27:48.733] [exthost] [warning] [Decorations] CAPPING events from decorations provider vscode.git 343
[2021-06-30 02:27:53.789] [exthost] [warning] [Decorations] CAPPING events from decorations provider vscode.git 343
[2021-06-30 02:27:58.844] [exthost] [warning] [Decorations] CAPPING events from decorations provider vscode.git 343
[2021-06-30 02:28:03.895] [exthost] [warning] [Decorations] CAPPING events from decorations provider vscode.git 343
[2021-06-30 02:28:08.955] [exthost] [warning] [Decorations] CAPPING events from decorations provider vscode.git 343
[2021-06-30 02:28:14.011] [exthost] [warning] [Decorations] CAPPING events from decorations provider vscode.git 343
[2021-06-30 09:01:30.010] [exthost] [warning] [Decorations] CAPPING events from decorations provider vscode.git 343
[2021-06-30 09:01:35.076] [exthost] [warning] [Decorations] CAPPING events from decorations provider vscode.git 342
[2021-06-30 09:01:40.126] [exthost] [warning] [Decorations] CAPPING events from decorations provider vscode.git 342
[2021-06-30 09:04:47.719] [exthost] [warning] [Decorations] CAPPING events from decorations provider vscode.git 342
[2021-06-30 09:04:52.760] [exthost] [warning] [Decorations] CAPPING events from decorations provider vscode.git 342
[2021-06-30 09:04:57.805] [exthost] [warning] [Decorations] CAPPING events from decorations provider vscode.git 342
[2021-06-30 09:05:02.859] [exthost] [warning] [Decorations] CAPPING events from decorations provider vscode.git 342
[2021-06-30 09:05:07.906] [exthost] [warning] [Decorations] CAPPING events from decorations provider vscode.git 342
[2021-06-30 09:05:12.959] [exthost] [warning] [Decorations] CAPPING events from decorations provider vscode.git 343
[2021-06-30 09:05:18.011] [exthost] [warning] [Decorations] CAPPING events from decorations provider vscode.git 343
[2021-06-30 09:05:23.064] [exthost] [warning] [Decorations] CAPPING events from decorations provider vscode.git 343
[2021-06-30 09:05:28.118] [exthost] [warning] [Decorations] CAPPING events from decorations provider vscode.git 343
[2021-06-30 09:05:33.175] [exthost] [warning] [Decorations] CAPPING events from decorations provider vscode.git 343
[2021-06-30 09:05:38.228] [exthost] [warning] [Decorations] CAPPING events from decorations provider vscode.git 343
[2021-06-30 09:05:43.285] [exthost] [warning] [Decorations] CAPPING events from decorations provider vscode.git 343
[2021-06-30 09:05:48.343] [exthost] [warning] [Decorations] CAPPING events from decorations provider vscode.git 343
[2021-06-30 09:05:53.396] [exthost] [warning] [Decorations] CAPPING events from decorations provider vscode.git 343
[2021-06-30 09:05:58.451] [exthost] [warning] [Decorations] CAPPING events from decorations provider vscode.git 343
[2021-06-30 09:06:03.504] [exthost] [warning] [Decorations] CAPPING events from decorations provider vscode.git 343
[2021-06-30 09:06:08.561] [exthost] [warning] [Decorations] CAPPING events from decorations provider vscode.git 343
[2021-06-30 09:06:13.616] [exthost] [warning] [Decorations] CAPPING events from decorations provider vscode.git 343
[2021-06-30 09:06:18.672] [exthost] [warning] [Decorations] CAPPING events from decorations provider vscode.git 343
[2021-06-30 09:06:23.722] [exthost] [warning] [Decorations] CAPPING events from decorations provider vscode.git 343
[2021-06-30 09:06:28.778] [exthost] [warning] [Decorations] CAPPING events from decorations provider vscode.git 343
[2021-06-30 09:06:33.834] [exthost] [warning] [Decorations] CAPPING events from decorations provider vscode.git 343
[2021-06-30 09:06:38.887] [exthost] [warning] [Decorations] CAPPING events from decorations provider vscode.git 343
[2021-06-30 09:06:43.943] [exthost] [warning] [Decorations] CAPPING events from decorations provider vscode.git 343
[2021-06-30 09:06:48.995] [exthost] [warning] [Decorations] CAPPING events from decorations provider vscode.git 343
[2021-06-30 09:06:54.051] [exthost] [warning] [Decorations] CAPPING events from decorations provider vscode.git 343
[2021-06-30 09:07:29.719] [exthost] [warning] [Decorations] CAPPING events from decorations provider vscode.git 343
[2021-06-30 09:07:34.773] [exthost] [warning] [Decorations] CAPPING events from decorations provider vscode.git 342
[2021-06-30 09:07:39.825] [exthost] [warning] [Decorations] CAPPING events from decorations provider vscode.git 342
[2021-06-30 09:07:44.875] [exthost] [warning] [Decorations] CAPPING events from decorations provider vscode.git 342
[2021-06-30 09:07:49.929] [exthost] [warning] [Decorations] CAPPING events from decorations provider vscode.git 342
[2021-06-30 09:08:05.250] [exthost] [warning] [Decorations] CAPPING events from decorations provider vscode.git 342
[2021-06-30 09:08:10.300] [exthost] [warning] [Decorations] CAPPING events from decorations provider vscode.git 342
[2021-06-30 09:08:15.349] [exthost] [warning] [Decorations] CAPPING events from decorations provider vscode.git 342
[2021-06-30 09:08:20.400] [exthost] [warning] [Decorations] CAPPING events from decorations provider vscode.git 343
[2021-06-30 09:08:25.451] [exthost] [warning] [Decorations] CAPPING events from decorations provider vscode.git 343
[2021-06-30 09:08:30.505] [exthost] [warning] [Decorations] CAPPING events from decorations provider vscode.git 343
[2021-06-30 09:08:35.556] [exthost] [warning] [Decorations] CAPPING events from decorations provider vscode.git 343
[2021-06-30 09:08:40.605] [exthost] [warning] [Decorations] CAPPING events from decorations provider vscode.git 343
[2021-06-30 09:08:45.668] [exthost] [warning] [Decorations] CAPPING events from decorations provider vscode.git 342
[2021-06-30 09:08:50.726] [exthost] [warning] [Decorations] CAPPING events from decorations provider vscode.git 342
[2021-06-30 09:08:55.784] [exthost] [warning] [Decorations] CAPPING events from decorations provider vscode.git 342
[2021-06-30 09:09:00.842] [exthost] [warning] [Decorations] CAPPING events from decorations provider vscode.git 342
[2021-06-30 09:09:05.900] [exthost] [warning] [Decorations] CAPPING events from decorations provider vscode.git 342
[2021-06-30 09:09:10.955] [exthost] [warning] [Decorations] CAPPING events from decorations provider vscode.git 343
[2021-06-30 09:09:16.303] [exthost] [warning] [Decorations] CAPPING events from decorations provider vscode.git 343
[2021-06-30 09:09:21.359] [exthost] [warning] [Decorations] CAPPING events from decorations provider vscode.git 343
[2021-06-30 09:09:26.418] [exthost] [warning] [Decorations] CAPPING events from decorations provider vscode.git 343
[2021-06-30 09:09:41.668] [exthost] [warning] [Decorations] CAPPING events from decorations provider vscode.git 343
[2021-06-30 09:09:46.722] [exthost] [warning] [Decorations] CAPPING events from decorations provider vscode.git 342
[2021-06-30 09:09:51.778] [exthost] [warning] [Decorations] CAPPING events from decorations provider vscode.git 343
[2021-06-30 09:09:56.833] [exthost] [warning] [Decorations] CAPPING events from decorations provider vscode.git 343
[2021-06-30 09:10:01.889] [exthost] [warning] [Decorations] CAPPING events from decorations provider vscode.git 343
[2021-06-30 09:10:06.943] [exthost] [warning] [Decorations] CAPPING events from decorations provider vscode.git 343
[2021-06-30 09:10:11.994] [exthost] [warning] [Decorations] CAPPING events from decorations provider vscode.git 343
[2021-06-30 09:10:17.075] [exthost] [warning] [Decorations] CAPPING events from decorations provider vscode.git 343
[2021-06-30 09:10:22.139] [exthost] [warning] [Decorations] CAPPING events from decorations provider vscode.git 343
[2021-06-30 09:10:27.195] [exthost] [warning] [Decorations] CAPPING events from decorations provider vscode.git 343
[2021-06-30 09:10:32.250] [exthost] [warning] [Decorations] CAPPING events from decorations provider vscode.git 343
[2021-06-30 09:10:37.306] [exthost] [warning] [Decorations] CAPPING events from decorations provider vscode.git 343
[2021-06-30 09:10:42.363] [exthost] [warning] [Decorations] CAPPING events from decorations provider vscode.git 343
[2021-06-30 09:10:47.419] [exthost] [warning] [Decorations] CAPPING events from decorations provider vscode.git 343
[2021-06-30 09:10:52.476] [exthost] [warning] [Decorations] CAPPING events from decorations provider vscode.git 343
[2021-06-30 09:10:57.536] [exthost] [warning] [Decorations] CAPPING events from decorations provider vscode.git 343
[2021-06-30 09:11:02.594] [exthost] [warning] [Decorations] CAPPING events from decorations provider vscode.git 343
[2021-06-30 09:11:07.649] [exthost] [warning] [Decorations] CAPPING events from decorations provider vscode.git 343
[2021-06-30 09:11:24.843] [exthost] [warning] [Decorations] CAPPING events from decorations provider vscode.git 343
[2021-06-30 10:01:50.029] [exthost] [warning] [Decorations] CAPPING events from decorations provider vscode.git 342
[2021-06-30 10:01:55.083] [exthost] [warning] [Decorations] CAPPING events from decorations provider vscode.git 342
[2021-06-30 10:02:00.139] [exthost] [warning] [Decorations] CAPPING events from decorations provider vscode.git 342
[2021-06-30 10:02:05.192] [exthost] [warning] [Decorations] CAPPING events from decorations provider vscode.git 342
[2021-06-30 10:02:10.243] [exthost] [warning] [Decorations] CAPPING events from decorations provider vscode.git 342
[2021-06-30 10:02:15.295] [exthost] [warning] [Decorations] CAPPING events from decorations provider vscode.git 342
[2021-06-30 10:02:20.351] [exthost] [warning] [Decorations] CAPPING events from decorations provider vscode.git 342
[2021-06-30 10:02:25.409] [exthost] [warning] [Decorations] CAPPING events from decorations provider vscode.git 342
[2021-06-30 10:02:30.466] [exthost] [warning] [Decorations] CAPPING events from decorations provider vscode.git 342
[2021-06-30 10:02:35.526] [exthost] [warning] [Decorations] CAPPING events from decorations provider vscode.git 342
[2021-06-30 10:02:40.582] [exthost] [warning] [Decorations] CAPPING events from decorations provider vscode.git 342
[2021-06-30 10:02:45.639] [exthost] [warning] [Decorations] CAPPING events from decorations provider vscode.git 342
[2021-06-30 10:02:50.697] [exthost] [warning] [Decorations] CAPPING events from decorations provider vscode.git 342
[2021-06-30 10:03:15.579] [exthost] [warning] [Decorations] CAPPING events from decorations provider vscode.git 342
[2021-06-30 10:14:21.862] [exthost] [warning] [Decorations] CAPPING events from decorations provider vscode.git 342
[2021-06-30 10:14:26.921] [exthost] [warning] [Decorations] CAPPING events from decorations provider vscode.git 342
[2021-06-30 10:14:31.976] [exthost] [warning] [Decorations] CAPPING events from decorations provider vscode.git 343
[2021-06-30 10:14:37.023] [exthost] [warning] [Decorations] CAPPING events from decorations provider vscode.git 343
[2021-06-30 10:14:42.075] [exthost] [warning] [Decorations] CAPPING events from decorations provider vscode.git 343
[2021-06-30 10:14:47.129] [exthost] [warning] [Decorations] CAPPING events from decorations provider vscode.git 343
[2021-06-30 10:14:52.178] [exthost] [warning] [Decorations] CAPPING events from decorations provider vscode.git 343
[2021-06-30 10:14:57.234] [exthost] [warning] [Decorations] CAPPING events from decorations provider vscode.git 343
[2021-06-30 10:15:02.288] [exthost] [warning] [Decorations] CAPPING events from decorations provider vscode.git 343
[2021-06-30 10:15:07.341] [exthost] [warning] [Decorations] CAPPING events from decorations provider vscode.git 343
[2021-06-30 10:15:12.396] [exthost] [warning] [Decorations] CAPPING events from decorations provider vscode.git 343
[2021-06-30 10:15:17.450] [exthost] [warning] [Decorations] CAPPING events from decorations provider vscode.git 343
[2021-06-30 10:15:22.505] [exthost] [warning] [Decorations] CAPPING events from decorations provider vscode.git 343
[2021-06-30 10:15:27.558] [exthost] [warning] [Decorations] CAPPING events from decorations provider vscode.git 343
[2021-06-30 10:15:32.610] [exthost] [warning] [Decorations] CAPPING events from decorations provider vscode.git 343
[2021-06-30 10:15:37.663] [exthost] [warning] [Decorations] CAPPING events from decorations provider vscode.git 343
[2021-06-30 10:15:42.717] [exthost] [warning] [Decorations] CAPPING events from decorations provider vscode.git 343
[2021-06-30 10:15:47.772] [exthost] [warning] [Decorations] CAPPING events from decorations provider vscode.git 343
[2021-06-30 10:15:52.822] [exthost] [warning] [Decorations] CAPPING events from decorations provider vscode.git 343
[2021-06-30 10:15:57.877] [exthost] [warning] [Decorations] CAPPING events from decorations provider vscode.git 343
[2021-06-30 10:16:02.928] [exthost] [warning] [Decorations] CAPPING events from decorations provider vscode.git 343
[2021-06-30 10:16:07.979] [exthost] [warning] [Decorations] CAPPING events from decorations provider vscode.git 343
[2021-06-30 10:16:13.033] [exthost] [warning] [Decorations] CAPPING events from decorations provider vscode.git 343
[2021-06-30 10:16:18.089] [exthost] [warning] [Decorations] CAPPING events from decorations provider vscode.git 343
[2021-06-30 10:16:23.142] [exthost] [warning] [Decorations] CAPPING events from decorations provider vscode.git 343
[2021-06-30 10:16:28.193] [exthost] [warning] [Decorations] CAPPING events from decorations provider vscode.git 343
[2021-06-30 10:16:33.250] [exthost] [warning] [Decorations] CAPPING events from decorations provider vscode.git 343
[2021-06-30 10:16:38.301] [exthost] [warning] [Decorations] CAPPING events from decorations provider vscode.git 343
[2021-06-30 10:16:43.356] [exthost] [warning] [Decorations] CAPPING events from decorations provider vscode.git 343
[2021-06-30 10:16:48.414] [exthost] [warning] [Decorations] CAPPING events from decorations provider vscode.git 343
[2021-06-30 10:16:53.470] [exthost] [warning] [Decorations] CAPPING events from decorations provider vscode.git 343
[2021-06-30 10:16:58.526] [exthost] [warning] [Decorations] CAPPING events from decorations provider vscode.git 343
[2021-06-30 10:17:03.583] [exthost] [warning] [Decorations] CAPPING events from decorations provider vscode.git 343
[2021-06-30 10:17:08.648] [exthost] [warning] [Decorations] CAPPING events from decorations provider vscode.git 343
[2021-06-30 10:17:28.424] [exthost] [warning] [Decorations] CAPPING events from decorations provider vscode.git 343
[2021-06-30 10:17:41.273] [exthost] [warning] [Decorations] CAPPING events from decorations provider vscode.git 343
[2021-06-30 10:17:46.328] [exthost] [warning] [Decorations] CAPPING events from decorations provider vscode.git 343
[2021-06-30 10:31:00.779] [exthost] [warning] [Decorations] CAPPING events from decorations provider vscode.git 343
[2021-06-30 10:31:05.830] [exthost] [warning] [Decorations] CAPPING events from decorations provider vscode.git 343
[2021-06-30 10:31:10.883] [exthost] [warning] [Decorations] CAPPING events from decorations provider vscode.git 343
[2021-06-30 10:31:15.935] [exthost] [warning] [Decorations] CAPPING events from decorations provider vscode.git 343
[2021-06-30 10:31:20.988] [exthost] [warning] [Decorations] CAPPING events from decorations provider vscode.git 343
[2021-06-30 10:31:26.042] [exthost] [warning] [Decorations] CAPPING events from decorations provider vscode.git 343
[2021-06-30 10:31:31.100] [exthost] [warning] [Decorations] CAPPING events from decorations provider vscode.git 343
[2021-06-30 10:31:36.159] [exthost] [warning] [Decorations] CAPPING events from decorations provider vscode.git 343
[2021-06-30 10:31:41.212] [exthost] [warning] [Decorations] CAPPING events from decorations provider vscode.git 343
[2021-06-30 10:31:46.268] [exthost] [warning] [Decorations] CAPPING events from decorations provider vscode.git 343
[2021-06-30 10:31:51.320] [exthost] [warning] [Decorations] CAPPING events from decorations provider vscode.git 343
[2021-06-30 10:31:56.362] [exthost] [warning] [Decorations] CAPPING events from decorations provider vscode.git 343
[2021-06-30 10:32:01.413] [exthost] [warning] [Decorations] CAPPING events from decorations provider vscode.git 343
[2021-06-30 10:32:06.466] [exthost] [warning] [Decorations] CAPPING events from decorations provider vscode.git 343
[2021-06-30 10:32:11.519] [exthost] [warning] [Decorations] CAPPING events from decorations provider vscode.git 343
[2021-06-30 10:32:16.574] [exthost] [warning] [Decorations] CAPPING events from decorations provider vscode.git 343
[2021-06-30 10:32:21.634] [exthost] [warning] [Decorations] CAPPING events from decorations provider vscode.git 343
[2021-06-30 10:32:26.691] [exthost] [warning] [Decorations] CAPPING events from decorations provider vscode.git 343
[2021-06-30 10:32:31.748] [exthost] [warning] [Decorations] CAPPING events from decorations provider vscode.git 343
[2021-06-30 10:32:36.803] [exthost] [warning] [Decorations] CAPPING events from decorations provider vscode.git 343
[2021-06-30 10:32:41.860] [exthost] [warning] [Decorations] CAPPING events from decorations provider vscode.git 343
[2021-06-30 10:32:46.915] [exthost] [warning] [Decorations] CAPPING events from decorations provider vscode.git 343
[2021-06-30 10:32:51.972] [exthost] [warning] [Decorations] CAPPING events from decorations provider vscode.git 343
[2021-06-30 10:32:57.027] [exthost] [warning] [Decorations] CAPPING events from decorations provider vscode.git 343
[2021-06-30 10:33:02.080] [exthost] [warning] [Decorations] CAPPING events from decorations provider vscode.git 343
[2021-06-30 10:33:07.124] [exthost] [warning] [Decorations] CAPPING events from decorations provider vscode.git 343
[2021-06-30 10:33:12.178] [exthost] [warning] [Decorations] CAPPING events from decorations provider vscode.git 343
[2021-06-30 10:33:17.223] [exthost] [warning] [Decorations] CAPPING events from decorations provider vscode.git 343
[2021-06-30 10:33:22.269] [exthost] [warning] [Decorations] CAPPING events from decorations provider vscode.git 343
[2021-06-30 10:33:27.319] [exthost] [warning] [Decorations] CAPPING events from decorations provider vscode.git 343
[2021-06-30 10:33:32.372] [exthost] [warning] [Decorations] CAPPING events from decorations provider vscode.git 343
[2021-06-30 10:33:37.430] [exthost] [warning] [Decorations] CAPPING events from decorations provider vscode.git 343
[2021-06-30 10:33:42.486] [exthost] [warning] [Decorations] CAPPING events from decorations provider vscode.git 343
[2021-06-30 10:33:47.541] [exthost] [warning] [Decorations] CAPPING events from decorations provider vscode.git 343
[2021-06-30 10:33:52.603] [exthost] [warning] [Decorations] CAPPING events from decorations provider vscode.git 343
[2021-06-30 10:33:57.659] [exthost] [warning] [Decorations] CAPPING events from decorations provider vscode.git 343
[2021-06-30 10:34:02.717] [exthost] [warning] [Decorations] CAPPING events from decorations provider vscode.git 343
[2021-06-30 10:34:07.774] [exthost] [warning] [Decorations] CAPPING events from decorations provider vscode.git 343
[2021-06-30 10:34:12.831] [exthost] [warning] [Decorations] CAPPING events from decorations provider vscode.git 343
[2021-06-30 10:34:17.890] [exthost] [warning] [Decorations] CAPPING events from decorations provider vscode.git 343
[2021-06-30 10:34:22.947] [exthost] [warning] [Decorations] CAPPING events from decorations provider vscode.git 343
[2021-06-30 10:34:28.003] [exthost] [warning] [Decorations] CAPPING events from decorations provider vscode.git 343
[2021-06-30 10:34:33.057] [exthost] [warning] [Decorations] CAPPING events from decorations provider vscode.git 343
[2021-06-30 10:34:38.113] [exthost] [warning] [Decorations] CAPPING events from decorations provider vscode.git 343
[2021-06-30 10:34:43.167] [exthost] [warning] [Decorations] CAPPING events from decorations provider vscode.git 343
[2021-06-30 10:34:48.220] [exthost] [warning] [Decorations] CAPPING events from decorations provider vscode.git 343
[2021-06-30 10:34:53.271] [exthost] [warning] [Decorations] CAPPING events from decorations provider vscode.git 343
[2021-06-30 10:34:58.330] [exthost] [warning] [Decorations] CAPPING events from decorations provider vscode.git 343
[2021-06-30 10:35:03.385] [exthost] [warning] [Decorations] CAPPING events from decorations provider vscode.git 343
[2021-06-30 10:35:08.441] [exthost] [warning] [Decorations] CAPPING events from decorations provider vscode.git 343
[2021-06-30 10:35:13.495] [exthost] [warning] [Decorations] CAPPING events from decorations provider vscode.git 343
[2021-06-30 10:35:18.551] [exthost] [warning] [Decorations] CAPPING events from decorations provider vscode.git 343
[2021-06-30 10:35:23.606] [exthost] [warning] [Decorations] CAPPING events from decorations provider vscode.git 343
[2021-06-30 10:35:28.662] [exthost] [warning] [Decorations] CAPPING events from decorations provider vscode.git 343
[2021-06-30 10:35:33.708] [exthost] [warning] [Decorations] CAPPING events from decorations provider vscode.git 343
[2021-06-30 10:35:38.761] [exthost] [warning] [Decorations] CAPPING events from decorations provider vscode.git 343
[2021-06-30 10:35:43.814] [exthost] [warning] [Decorations] CAPPING events from decorations provider vscode.git 343
[2021-06-30 10:35:48.868] [exthost] [warning] [Decorations] CAPPING events from decorations provider vscode.git 343
[2021-06-30 10:35:53.922] [exthost] [warning] [Decorations] CAPPING events from decorations provider vscode.git 343
[2021-06-30 10:35:58.980] [exthost] [warning] [Decorations] CAPPING events from decorations provider vscode.git 343
[2021-06-30 10:36:04.040] [exthost] [warning] [Decorations] CAPPING events from decorations provider vscode.git 343
[2021-06-30 10:36:09.096] [exthost] [warning] [Decorations] CAPPING events from decorations provider vscode.git 343
[2021-06-30 10:36:14.156] [exthost] [warning] [Decorations] CAPPING events from decorations provider vscode.git 343
[2021-06-30 10:36:19.211] [exthost] [warning] [Decorations] CAPPING events from decorations provider vscode.git 343
[2021-06-30 10:36:24.266] [exthost] [warning] [Decorations] CAPPING events from decorations provider vscode.git 343
[2021-06-30 10:36:29.322] [exthost] [warning] [Decorations] CAPPING events from decorations provider vscode.git 343
[2021-06-30 10:36:34.379] [exthost] [warning] [Decorations] CAPPING events from decorations provider vscode.git 343
[2021-06-30 10:36:39.434] [exthost] [warning] [Decorations] CAPPING events from decorations provider vscode.git 343
[2021-06-30 10:36:44.491] [exthost] [warning] [Decorations] CAPPING events from decorations provider vscode.git 343
[2021-06-30 10:36:49.550] [exthost] [warning] [Decorations] CAPPING events from decorations provider vscode.git 343
[2021-06-30 10:36:54.611] [exthost] [warning] [Decorations] CAPPING events from decorations provider vscode.git 343
[2021-06-30 10:36:59.668] [exthost] [warning] [Decorations] CAPPING events from decorations provider vscode.git 343
[2021-06-30 10:37:04.723] [exthost] [warning] [Decorations] CAPPING events from decorations provider vscode.git 343
[2021-06-30 10:37:09.780] [exthost] [warning] [Decorations] CAPPING events from decorations provider vscode.git 343
[2021-06-30 10:37:14.833] [exthost] [warning] [Decorations] CAPPING events from decorations provider vscode.git 343
[2021-06-30 10:37:19.889] [exthost] [warning] [Decorations] CAPPING events from decorations provider vscode.git 343
[2021-06-30 10:37:24.941] [exthost] [warning] [Decorations] CAPPING events from decorations provider vscode.git 343
[2021-06-30 10:37:30.003] [exthost] [warning] [Decorations] CAPPING events from decorations provider vscode.git 343
[2021-06-30 10:37:35.056] [exthost] [warning] [Decorations] CAPPING events from decorations provider vscode.git 343
[2021-06-30 10:37:40.114] [exthost] [warning] [Decorations] CAPPING events from decorations provider vscode.git 343
[2021-06-30 10:37:45.175] [exthost] [warning] [Decorations] CAPPING events from decorations provider vscode.git 343
[2021-06-30 10:37:50.232] [exthost] [warning] [Decorations] CAPPING events from decorations provider vscode.git 343
[2021-06-30 10:37:55.314] [exthost] [warning] [Decorations] CAPPING events from decorations provider vscode.git 343
[2021-06-30 10:38:00.375] [exthost] [warning] [Decorations] CAPPING events from decorations provider vscode.git 343
[2021-06-30 10:38:05.426] [exthost] [warning] [Decorations] CAPPING events from decorations provider vscode.git 343
[2021-06-30 10:38:10.486] [exthost] [warning] [Decorations] CAPPING events from decorations provider vscode.git 343
[2021-06-30 10:38:15.545] [exthost] [warning] [Decorations] CAPPING events from decorations provider vscode.git 343
[2021-06-30 10:38:20.604] [exthost] [warning] [Decorations] CAPPING events from decorations provider vscode.git 343
[2021-06-30 10:38:25.661] [exthost] [warning] [Decorations] CAPPING events from decorations provider vscode.git 343
[2021-06-30 10:38:30.719] [exthost] [warning] [Decorations] CAPPING events from decorations provider vscode.git 343
[2021-06-30 10:38:35.775] [exthost] [warning] [Decorations] CAPPING events from decorations provider vscode.git 343
[2021-06-30 10:38:40.831] [exthost] [warning] [Decorations] CAPPING events from decorations provider vscode.git 343
[2021-06-30 10:38:45.887] [exthost] [warning] [Decorations] CAPPING events from decorations provider vscode.git 343
[2021-06-30 10:38:50.944] [exthost] [warning] [Decorations] CAPPING events from decorations provider vscode.git 343
[2021-06-30 10:38:56.003] [exthost] [warning] [Decorations] CAPPING events from decorations provider vscode.git 343
[2021-06-30 10:39:01.059] [exthost] [warning] [Decorations] CAPPING events from decorations provider vscode.git 343
[2021-06-30 10:39:06.116] [exthost] [warning] [Decorations] CAPPING events from decorations provider vscode.git 343
[2021-06-30 10:39:11.172] [exthost] [warning] [Decorations] CAPPING events from decorations provider vscode.git 343
[2021-06-30 10:39:16.225] [exthost] [warning] [Decorations] CAPPING events from decorations provider vscode.git 343
[2021-06-30 10:39:21.283] [exthost] [warning] [Decorations] CAPPING events from decorations provider vscode.git 343
[2021-06-30 10:39:26.337] [exthost] [warning] [Decorations] CAPPING events from decorations provider vscode.git 343
[2021-06-30 10:39:31.390] [exthost] [warning] [Decorations] CAPPING events from decorations provider vscode.git 343
[2021-06-30 10:39:36.445] [exthost] [warning] [Decorations] CAPPING events from decorations provider vscode.git 343
[2021-06-30 10:39:41.502] [exthost] [warning] [Decorations] CAPPING events from decorations provider vscode.git 343
[2021-06-30 10:39:46.557] [exthost] [warning] [Decorations] CAPPING events from decorations provider vscode.git 343
[2021-06-30 10:39:51.614] [exthost] [warning] [Decorations] CAPPING events from decorations provider vscode.git 343
[2021-06-30 10:39:56.668] [exthost] [warning] [Decorations] CAPPING events from decorations provider vscode.git 343
[2021-06-30 10:40:01.722] [exthost] [warning] [Decorations] CAPPING events from decorations provider vscode.git 343
[2021-06-30 10:40:06.776] [exthost] [warning] [Decorations] CAPPING events from decorations provider vscode.git 343
[2021-06-30 10:40:11.842] [exthost] [warning] [Decorations] CAPPING events from decorations provider vscode.git 343
[2021-06-30 10:40:16.897] [exthost] [warning] [Decorations] CAPPING events from decorations provider vscode.git 343
[2021-06-30 10:40:21.948] [exthost] [warning] [Decorations] CAPPING events from decorations provider vscode.git 343
[2021-06-30 10:40:27.000] [exthost] [warning] [Decorations] CAPPING events from decorations provider vscode.git 343
[2021-06-30 10:40:32.055] [exthost] [warning] [Decorations] CAPPING events from decorations provider vscode.git 343
[2021-06-30 10:40:37.112] [exthost] [warning] [Decorations] CAPPING events from decorations provider vscode.git 343
[2021-06-30 10:40:42.175] [exthost] [warning] [Decorations] CAPPING events from decorations provider vscode.git 343
[2021-06-30 10:40:47.231] [exthost] [warning] [Decorations] CAPPING events from decorations provider vscode.git 343
[2021-06-30 10:40:52.287] [exthost] [warning] [Decorations] CAPPING events from decorations provider vscode.git 343
[2021-06-30 10:40:57.341] [exthost] [warning] [Decorations] CAPPING events from decorations provider vscode.git 343
[2021-06-30 10:41:02.396] [exthost] [warning] [Decorations] CAPPING events from decorations provider vscode.git 343
[2021-06-30 10:41:07.453] [exthost] [warning] [Decorations] CAPPING events from decorations provider vscode.git 343
[2021-06-30 10:41:12.507] [exthost] [warning] [Decorations] CAPPING events from decorations provider vscode.git 343
[2021-06-30 10:41:17.563] [exthost] [warning] [Decorations] CAPPING events from decorations provider vscode.git 343
[2021-06-30 10:41:22.620] [exthost] [warning] [Decorations] CAPPING events from decorations provider vscode.git 343
[2021-06-30 10:41:27.674] [exthost] [warning] [Decorations] CAPPING events from decorations provider vscode.git 343
[2021-06-30 10:41:32.732] [exthost] [warning] [Decorations] CAPPING events from decorations provider vscode.git 343
[2021-06-30 10:41:37.788] [exthost] [warning] [Decorations] CAPPING events from decorations provider vscode.git 343
[2021-06-30 10:41:42.843] [exthost] [warning] [Decorations] CAPPING events from decorations provider vscode.git 343
[2021-06-30 10:41:47.897] [exthost] [warning] [Decorations] CAPPING events from decorations provider vscode.git 343
[2021-06-30 10:41:52.954] [exthost] [warning] [Decorations] CAPPING events from decorations provider vscode.git 343
[2021-06-30 10:41:58.012] [exthost] [warning] [Decorations] CAPPING events from decorations provider vscode.git 343
[2021-06-30 10:42:03.070] [exthost] [warning] [Decorations] CAPPING events from decorations provider vscode.git 343
[2021-06-30 10:42:08.126] [exthost] [warning] [Decorations] CAPPING events from decorations provider vscode.git 343
[2021-06-30 10:42:13.185] [exthost] [warning] [Decorations] CAPPING events from decorations provider vscode.git 343
[2021-06-30 10:42:18.243] [exthost] [warning] [Decorations] CAPPING events from decorations provider vscode.git 343
[2021-06-30 10:42:23.300] [exthost] [warning] [Decorations] CAPPING events from decorations provider vscode.git 343
[2021-06-30 10:42:28.352] [exthost] [warning] [Decorations] CAPPING events from decorations provider vscode.git 343
[2021-06-30 10:42:33.411] [exthost] [warning] [Decorations] CAPPING events from decorations provider vscode.git 343
[2021-06-30 10:42:38.466] [exthost] [warning] [Decorations] CAPPING events from decorations provider vscode.git 343
[2021-06-30 10:42:43.523] [exthost] [warning] [Decorations] CAPPING events from decorations provider vscode.git 343
[2021-06-30 10:42:48.580] [exthost] [warning] [Decorations] CAPPING events from decorations provider vscode.git 343
[2021-06-30 10:42:53.640] [exthost] [warning] [Decorations] CAPPING events from decorations provider vscode.git 343
[2021-06-30 10:42:58.698] [exthost] [warning] [Decorations] CAPPING events from decorations provider vscode.git 343
[2021-06-30 10:43:03.757] [exthost] [warning] [Decorations] CAPPING events from decorations provider vscode.git 343
[2021-06-30 10:43:08.808] [exthost] [warning] [Decorations] CAPPING events from decorations provider vscode.git 343
[2021-06-30 10:43:13.866] [exthost] [warning] [Decorations] CAPPING events from decorations provider vscode.git 343
[2021-06-30 10:43:18.924] [exthost] [warning] [Decorations] CAPPING events from decorations provider vscode.git 343
[2021-06-30 10:43:23.985] [exthost] [warning] [Decorations] CAPPING events from decorations provider vscode.git 343
[2021-06-30 10:43:29.039] [exthost] [warning] [Decorations] CAPPING events from decorations provider vscode.git 343
[2021-06-30 10:43:34.095] [exthost] [warning] [Decorations] CAPPING events from decorations provider vscode.git 343
[2021-06-30 10:43:39.152] [exthost] [warning] [Decorations] CAPPING events from decorations provider vscode.git 343
[2021-06-30 10:43:44.212] [exthost] [warning] [Decorations] CAPPING events from decorations provider vscode.git 343
[2021-06-30 10:43:49.271] [exthost] [warning] [Decorations] CAPPING events from decorations provider vscode.git 343
[2021-06-30 10:43:54.327] [exthost] [warning] [Decorations] CAPPING events from decorations provider vscode.git 343
[2021-06-30 10:43:59.387] [exthost] [warning] [Decorations] CAPPING events from decorations provider vscode.git 343
[2021-06-30 10:44:04.444] [exthost] [warning] [Decorations] CAPPING events from decorations provider vscode.git 343
[2021-06-30 10:44:09.502] [exthost] [warning] [Decorations] CAPPING events from decorations provider vscode.git 343
[2021-06-30 10:44:14.558] [exthost] [warning] [Decorations] CAPPING events from decorations provider vscode.git 343
[2021-06-30 10:44:19.617] [exthost] [warning] [Decorations] CAPPING events from decorations provider vscode.git 343
[2021-06-30 10:44:24.669] [exthost] [warning] [Decorations] CAPPING events from decorations provider vscode.git 343
[2021-06-30 10:44:29.726] [exthost] [warning] [Decorations] CAPPING events from decorations provider vscode.git 343
[2021-06-30 10:44:34.782] [exthost] [warning] [Decorations] CAPPING events from decorations provider vscode.git 343
[2021-06-30 10:44:39.838] [exthost] [warning] [Decorations] CAPPING events from decorations provider vscode.git 343
[2021-06-30 10:44:44.894] [exthost] [warning] [Decorations] CAPPING events from decorations provider vscode.git 343
[2021-06-30 10:44:49.949] [exthost] [warning] [Decorations] CAPPING events from decorations provider vscode.git 343
[2021-06-30 10:44:55.005] [exthost] [warning] [Decorations] CAPPING events from decorations provider vscode.git 343
[2021-06-30 10:45:00.061] [exthost] [warning] [Decorations] CAPPING events from decorations provider vscode.git 343
[2021-06-30 10:45:05.121] [exthost] [warning] [Decorations] CAPPING events from decorations provider vscode.git 343
[2021-06-30 10:45:10.175] [exthost] [warning] [Decorations] CAPPING events from decorations provider vscode.git 343
[2021-06-30 10:45:15.232] [exthost] [warning] [Decorations] CAPPING events from decorations provider vscode.git 343
[2021-06-30 10:45:20.287] [exthost] [warning] [Decorations] CAPPING events from decorations provider vscode.git 343
[2021-06-30 10:45:25.344] [exthost] [warning] [Decorations] CAPPING events from decorations provider vscode.git 343
[2021-06-30 10:45:30.401] [exthost] [warning] [Decorations] CAPPING events from decorations provider vscode.git 343
[2021-06-30 10:45:35.461] [exthost] [warning] [Decorations] CAPPING events from decorations provider vscode.git 343
[2021-06-30 10:45:40.520] [exthost] [warning] [Decorations] CAPPING events from decorations provider vscode.git 343
[2021-06-30 10:45:45.575] [exthost] [warning] [Decorations] CAPPING events from decorations provider vscode.git 343
[2021-06-30 10:45:50.629] [exthost] [warning] [Decorations] CAPPING events from decorations provider vscode.git 343
[2021-06-30 10:45:55.681] [exthost] [warning] [Decorations] CAPPING events from decorations provider vscode.git 343
[2021-06-30 10:46:00.732] [exthost] [warning] [Decorations] CAPPING events from decorations provider vscode.git 343
[2021-06-30 10:46:05.788] [exthost] [warning] [Decorations] CAPPING events from decorations provider vscode.git 343
[2021-06-30 10:46:10.844] [exthost] [warning] [Decorations] CAPPING events from decorations provider vscode.git 343
[2021-06-30 10:46:15.895] [exthost] [warning] [Decorations] CAPPING events from decorations provider vscode.git 343
[2021-06-30 10:46:20.946] [exthost] [warning] [Decorations] CAPPING events from decorations provider vscode.git 343
[2021-06-30 10:46:26.000] [exthost] [warning] [Decorations] CAPPING events from decorations provider vscode.git 343
[2021-06-30 10:46:31.054] [exthost] [warning] [Decorations] CAPPING events from decorations provider vscode.git 343
[2021-06-30 10:46:36.106] [exthost] [warning] [Decorations] CAPPING events from decorations provider vscode.git 343
[2021-06-30 10:46:41.160] [exthost] [warning] [Decorations] CAPPING events from decorations provider vscode.git 343
[2021-06-30 10:46:46.218] [exthost] [warning] [Decorations] CAPPING events from decorations provider vscode.git 343
[2021-06-30 10:46:51.272] [exthost] [warning] [Decorations] CAPPING events from decorations provider vscode.git 343
[2021-06-30 10:46:56.322] [exthost] [warning] [Decorations] CAPPING events from decorations provider vscode.git 343
[2021-06-30 10:47:01.376] [exthost] [warning] [Decorations] CAPPING events from decorations provider vscode.git 343
[2021-06-30 10:47:06.430] [exthost] [warning] [Decorations] CAPPING events from decorations provider vscode.git 343
[2021-06-30 10:47:11.503] [exthost] [warning] [Decorations] CAPPING events from decorations provider vscode.git 343
[2021-06-30 10:47:16.557] [exthost] [warning] [Decorations] CAPPING events from decorations provider vscode.git 343
[2021-06-30 10:47:21.612] [exthost] [warning] [Decorations] CAPPING events from decorations provider vscode.git 343
[2021-06-30 10:47:26.663] [exthost] [warning] [Decorations] CAPPING events from decorations provider vscode.git 343
[2021-06-30 10:47:31.716] [exthost] [warning] [Decorations] CAPPING events from decorations provider vscode.git 343
[2021-06-30 10:47:36.769] [exthost] [warning] [Decorations] CAPPING events from decorations provider vscode.git 343
[2021-06-30 10:47:41.824] [exthost] [warning] [Decorations] CAPPING events from decorations provider vscode.git 343
[2021-06-30 10:47:46.875] [exthost] [warning] [Decorations] CAPPING events from decorations provider vscode.git 343
[2021-06-30 10:47:51.929] [exthost] [warning] [Decorations] CAPPING events from decorations provider vscode.git 343
[2021-06-30 10:47:56.985] [exthost] [warning] [Decorations] CAPPING events from decorations provider vscode.git 343
[2021-06-30 10:48:02.039] [exthost] [warning] [Decorations] CAPPING events from decorations provider vscode.git 343
[2021-06-30 10:48:07.090] [exthost] [warning] [Decorations] CAPPING events from decorations provider vscode.git 343
[2021-06-30 10:48:12.144] [exthost] [warning] [Decorations] CAPPING events from decorations provider vscode.git 343
[2021-06-30 10:48:17.203] [exthost] [warning] [Decorations] CAPPING events from decorations provider vscode.git 343
[2021-06-30 10:48:22.255] [exthost] [warning] [Decorations] CAPPING events from decorations provider vscode.git 343
[2021-06-30 10:48:27.303] [exthost] [warning] [Decorations] CAPPING events from decorations provider vscode.git 343
[2021-06-30 10:48:32.346] [exthost] [warning] [Decorations] CAPPING events from decorations provider vscode.git 343
[2021-06-30 10:48:37.401] [exthost] [warning] [Decorations] CAPPING events from decorations provider vscode.git 343
[2021-06-30 10:48:42.455] [exthost] [warning] [Decorations] CAPPING events from decorations provider vscode.git 343
[2021-06-30 10:48:47.506] [exthost] [warning] [Decorations] CAPPING events from decorations provider vscode.git 343
[2021-06-30 10:48:52.561] [exthost] [warning] [Decorations] CAPPING events from decorations provider vscode.git 343
[2021-06-30 10:48:57.619] [exthost] [warning] [Decorations] CAPPING events from decorations provider vscode.git 343
[2021-06-30 10:49:02.680] [exthost] [warning] [Decorations] CAPPING events from decorations provider vscode.git 343
[2021-06-30 10:49:07.739] [exthost] [warning] [Decorations] CAPPING events from decorations provider vscode.git 343
[2021-06-30 10:49:12.794] [exthost] [warning] [Decorations] CAPPING events from decorations provider vscode.git 343
[2021-06-30 10:49:17.850] [exthost] [warning] [Decorations] CAPPING events from decorations provider vscode.git 343
[2021-06-30 10:49:22.906] [exthost] [warning] [Decorations] CAPPING events from decorations provider vscode.git 343
[2021-06-30 10:49:27.963] [exthost] [warning] [Decorations] CAPPING events from decorations provider vscode.git 343
[2021-06-30 10:49:33.022] [exthost] [warning] [Decorations] CAPPING events from decorations provider vscode.git 343
[2021-06-30 10:49:38.083] [exthost] [warning] [Decorations] CAPPING events from decorations provider vscode.git 343
[2021-06-30 10:49:43.141] [exthost] [warning] [Decorations] CAPPING events from decorations provider vscode.git 343
[2021-06-30 10:49:48.201] [exthost] [warning] [Decorations] CAPPING events from decorations provider vscode.git 343
[2021-06-30 10:49:53.258] [exthost] [warning] [Decorations] CAPPING events from decorations provider vscode.git 343
[2021-06-30 10:49:58.313] [exthost] [warning] [Decorations] CAPPING events from decorations provider vscode.git 343
[2021-06-30 10:50:03.374] [exthost] [warning] [Decorations] CAPPING events from decorations provider vscode.git 343
[2021-06-30 10:50:08.430] [exthost] [warning] [Decorations] CAPPING events from decorations provider vscode.git 343
[2021-06-30 10:50:13.485] [exthost] [warning] [Decorations] CAPPING events from decorations provider vscode.git 343
[2021-06-30 10:50:18.538] [exthost] [warning] [Decorations] CAPPING events from decorations provider vscode.git 343
[2021-06-30 10:50:23.596] [exthost] [warning] [Decorations] CAPPING events from decorations provider vscode.git 343
[2021-06-30 10:50:28.652] [exthost] [warning] [Decorations] CAPPING events from decorations provider vscode.git 343
[2021-06-30 10:50:33.706] [exthost] [warning] [Decorations] CAPPING events from decorations provider vscode.git 343
[2021-06-30 10:50:38.763] [exthost] [warning] [Decorations] CAPPING events from decorations provider vscode.git 343
[2021-06-30 10:50:43.820] [exthost] [warning] [Decorations] CAPPING events from decorations provider vscode.git 343
[2021-06-30 10:50:48.876] [exthost] [warning] [Decorations] CAPPING events from decorations provider vscode.git 343
[2021-06-30 10:50:53.932] [exthost] [warning] [Decorations] CAPPING events from decorations provider vscode.git 343
[2021-06-30 10:50:58.988] [exthost] [warning] [Decorations] CAPPING events from decorations provider vscode.git 343
[2021-06-30 10:51:04.045] [exthost] [warning] [Decorations] CAPPING events from decorations provider vscode.git 343
[2021-06-30 10:51:09.105] [exthost] [warning] [Decorations] CAPPING events from decorations provider vscode.git 343
[2021-06-30 10:51:14.162] [exthost] [warning] [Decorations] CAPPING events from decorations provider vscode.git 343
[2021-06-30 10:51:19.218] [exthost] [warning] [Decorations] CAPPING events from decorations provider vscode.git 343
[2021-06-30 10:51:24.276] [exthost] [warning] [Decorations] CAPPING events from decorations provider vscode.git 343
[2021-06-30 10:51:29.332] [exthost] [warning] [Decorations] CAPPING events from decorations provider vscode.git 343
[2021-06-30 10:51:34.388] [exthost] [warning] [Decorations] CAPPING events from decorations provider vscode.git 343
[2021-06-30 10:51:39.444] [exthost] [warning] [Decorations] CAPPING events from decorations provider vscode.git 343
[2021-06-30 10:51:44.501] [exthost] [warning] [Decorations] CAPPING events from decorations provider vscode.git 343
[2021-06-30 10:51:49.561] [exthost] [warning] [Decorations] CAPPING events from decorations provider vscode.git 343
[2021-06-30 10:51:54.622] [exthost] [warning] [Decorations] CAPPING events from decorations provider vscode.git 343
[2021-06-30 10:51:59.677] [exthost] [warning] [Decorations] CAPPING events from decorations provider vscode.git 343
[2021-06-30 10:52:04.732] [exthost] [warning] [Decorations] CAPPING events from decorations provider vscode.git 343
[2021-06-30 10:52:09.791] [exthost] [warning] [Decorations] CAPPING events from decorations provider vscode.git 343
[2021-06-30 10:52:14.847] [exthost] [warning] [Decorations] CAPPING events from decorations provider vscode.git 343
[2021-06-30 10:52:19.907] [exthost] [warning] [Decorations] CAPPING events from decorations provider vscode.git 343
[2021-06-30 10:52:24.964] [exthost] [warning] [Decorations] CAPPING events from decorations provider vscode.git 343
[2021-06-30 10:52:30.016] [exthost] [warning] [Decorations] CAPPING events from decorations provider vscode.git 343
[2021-06-30 10:52:35.073] [exthost] [warning] [Decorations] CAPPING events from decorations provider vscode.git 343
[2021-06-30 10:52:40.131] [exthost] [warning] [Decorations] CAPPING events from decorations provider vscode.git 343
[2021-06-30 10:52:45.189] [exthost] [warning] [Decorations] CAPPING events from decorations provider vscode.git 343
[2021-06-30 10:52:50.247] [exthost] [warning] [Decorations] CAPPING events from decorations provider vscode.git 343
[2021-06-30 10:52:55.302] [exthost] [warning] [Decorations] CAPPING events from decorations provider vscode.git 343
[2021-06-30 10:53:00.363] [exthost] [warning] [Decorations] CAPPING events from decorations provider vscode.git 343
[2021-06-30 10:53:05.423] [exthost] [warning] [Decorations] CAPPING events from decorations provider vscode.git 343
[2021-06-30 10:53:10.483] [exthost] [warning] [Decorations] CAPPING events from decorations provider vscode.git 343
[2021-06-30 10:53:15.542] [exthost] [warning] [Decorations] CAPPING events from decorations provider vscode.git 343
[2021-06-30 10:53:20.598] [exthost] [warning] [Decorations] CAPPING events from decorations provider vscode.git 343
[2021-06-30 10:53:25.657] [exthost] [warning] [Decorations] CAPPING events from decorations provider vscode.git 343
[2021-06-30 10:53:30.715] [exthost] [warning] [Decorations] CAPPING events from decorations provider vscode.git 343
[2021-06-30 10:53:35.770] [exthost] [warning] [Decorations] CAPPING events from decorations provider vscode.git 343
[2021-06-30 10:53:40.829] [exthost] [warning] [Decorations] CAPPING events from decorations provider vscode.git 343
[2021-06-30 10:53:45.889] [exthost] [warning] [Decorations] CAPPING events from decorations provider vscode.git 343
[2021-06-30 10:53:50.944] [exthost] [warning] [Decorations] CAPPING events from decorations provider vscode.git 343
[2021-06-30 10:53:56.000] [exthost] [warning] [Decorations] CAPPING events from decorations provider vscode.git 343
[2021-06-30 10:54:01.055] [exthost] [warning] [Decorations] CAPPING events from decorations provider vscode.git 343
[2021-06-30 10:54:06.113] [exthost] [warning] [Decorations] CAPPING events from decorations provider vscode.git 343
[2021-06-30 10:54:11.171] [exthost] [warning] [Decorations] CAPPING events from decorations provider vscode.git 343
[2021-06-30 10:54:16.229] [exthost] [warning] [Decorations] CAPPING events from decorations provider vscode.git 343
[2021-06-30 10:54:21.286] [exthost] [warning] [Decorations] CAPPING events from decorations provider vscode.git 343
[2021-06-30 10:54:26.340] [exthost] [warning] [Decorations] CAPPING events from decorations provider vscode.git 343
[2021-06-30 10:54:31.396] [exthost] [warning] [Decorations] CAPPING events from decorations provider vscode.git 343
[2021-06-30 10:54:36.454] [exthost] [warning] [Decorations] CAPPING events from decorations provider vscode.git 343
[2021-06-30 10:54:41.510] [exthost] [warning] [Decorations] CAPPING events from decorations provider vscode.git 343
[2021-06-30 10:54:46.569] [exthost] [warning] [Decorations] CAPPING events from decorations provider vscode.git 343
[2021-06-30 10:54:51.626] [exthost] [warning] [Decorations] CAPPING events from decorations provider vscode.git 343
[2021-06-30 10:54:56.678] [exthost] [warning] [Decorations] CAPPING events from decorations provider vscode.git 343
[2021-06-30 10:55:01.733] [exthost] [warning] [Decorations] CAPPING events from decorations provider vscode.git 343
[2021-06-30 10:55:06.790] [exthost] [warning] [Decorations] CAPPING events from decorations provider vscode.git 343
[2021-06-30 10:55:11.849] [exthost] [warning] [Decorations] CAPPING events from decorations provider vscode.git 343
[2021-06-30 10:55:16.904] [exthost] [warning] [Decorations] CAPPING events from decorations provider vscode.git 343
[2021-06-30 10:55:21.959] [exthost] [warning] [Decorations] CAPPING events from decorations provider vscode.git 343
[2021-06-30 10:55:27.013] [exthost] [warning] [Decorations] CAPPING events from decorations provider vscode.git 343
[2021-06-30 10:55:32.071] [exthost] [warning] [Decorations] CAPPING events from decorations provider vscode.git 343
[2021-06-30 10:55:37.127] [exthost] [warning] [Decorations] CAPPING events from decorations provider vscode.git 343
[2021-06-30 10:55:42.184] [exthost] [warning] [Decorations] CAPPING events from decorations provider vscode.git 343
[2021-06-30 10:55:47.238] [exthost] [warning] [Decorations] CAPPING events from decorations provider vscode.git 343
[2021-06-30 10:55:52.295] [exthost] [warning] [Decorations] CAPPING events from decorations provider vscode.git 343
[2021-06-30 10:55:57.350] [exthost] [warning] [Decorations] CAPPING events from decorations provider vscode.git 343
[2021-06-30 10:56:02.405] [exthost] [warning] [Decorations] CAPPING events from decorations provider vscode.git 343
[2021-06-30 10:56:07.460] [exthost] [warning] [Decorations] CAPPING events from decorations provider vscode.git 343
[2021-06-30 10:56:12.516] [exthost] [warning] [Decorations] CAPPING events from decorations provider vscode.git 343
[2021-06-30 10:56:17.567] [exthost] [warning] [Decorations] CAPPING events from decorations provider vscode.git 343
[2021-06-30 10:56:22.619] [exthost] [warning] [Decorations] CAPPING events from decorations provider vscode.git 343
[2021-06-30 10:56:27.669] [exthost] [warning] [Decorations] CAPPING events from decorations provider vscode.git 343
[2021-06-30 10:56:32.737] [exthost] [warning] [Decorations] CAPPING events from decorations provider vscode.git 343
[2021-06-30 10:56:37.788] [exthost] [warning] [Decorations] CAPPING events from decorations provider vscode.git 343
[2021-06-30 10:56:42.846] [exthost] [warning] [Decorations] CAPPING events from decorations provider vscode.git 343
[2021-06-30 10:56:47.905] [exthost] [warning] [Decorations] CAPPING events from decorations provider vscode.git 343
[2021-06-30 10:56:52.959] [exthost] [warning] [Decorations] CAPPING events from decorations provider vscode.git 343
[2021-06-30 10:56:58.013] [exthost] [warning] [Decorations] CAPPING events from decorations provider vscode.git 343
[2021-06-30 10:57:03.068] [exthost] [warning] [Decorations] CAPPING events from decorations provider vscode.git 343
[2021-06-30 10:57:08.128] [exthost] [warning] [Decorations] CAPPING events from decorations provider vscode.git 343
[2021-06-30 10:57:13.189] [exthost] [warning] [Decorations] CAPPING events from decorations provider vscode.git 343
[2021-06-30 10:57:18.245] [exthost] [warning] [Decorations] CAPPING events from decorations provider vscode.git 343
[2021-06-30 10:57:23.302] [exthost] [warning] [Decorations] CAPPING events from decorations provider vscode.git 343
[2021-06-30 10:57:28.358] [exthost] [warning] [Decorations] CAPPING events from decorations provider vscode.git 343
[2021-06-30 10:57:33.416] [exthost] [warning] [Decorations] CAPPING events from decorations provider vscode.git 343
[2021-06-30 10:57:38.475] [exthost] [warning] [Decorations] CAPPING events from decorations provider vscode.git 343
[2021-06-30 10:57:43.531] [exthost] [warning] [Decorations] CAPPING events from decorations provider vscode.git 343
[2021-06-30 10:57:48.590] [exthost] [warning] [Decorations] CAPPING events from decorations provider vscode.git 343
[2021-06-30 10:57:53.643] [exthost] [warning] [Decorations] CAPPING events from decorations provider vscode.git 343
[2021-06-30 10:57:58.699] [exthost] [warning] [Decorations] CAPPING events from decorations provider vscode.git 343
[2021-06-30 10:58:03.753] [exthost] [warning] [Decorations] CAPPING events from decorations provider vscode.git 343
[2021-06-30 10:58:08.810] [exthost] [warning] [Decorations] CAPPING events from decorations provider vscode.git 343
[2021-06-30 10:58:13.866] [exthost] [warning] [Decorations] CAPPING events from decorations provider vscode.git 343
[2021-06-30 10:58:18.922] [exthost] [warning] [Decorations] CAPPING events from decorations provider vscode.git 343
[2021-06-30 10:58:23.981] [exthost] [warning] [Decorations] CAPPING events from decorations provider vscode.git 343
[2021-06-30 10:58:29.040] [exthost] [warning] [Decorations] CAPPING events from decorations provider vscode.git 343
[2021-06-30 10:58:34.095] [exthost] [warning] [Decorations] CAPPING events from decorations provider vscode.git 343
[2021-06-30 10:58:39.155] [exthost] [warning] [Decorations] CAPPING events from decorations provider vscode.git 343
[2021-06-30 10:58:44.212] [exthost] [warning] [Decorations] CAPPING events from decorations provider vscode.git 343
[2021-06-30 10:58:49.269] [exthost] [warning] [Decorations] CAPPING events from decorations provider vscode.git 343
[2021-06-30 10:58:54.331] [exthost] [warning] [Decorations] CAPPING events from decorations provider vscode.git 343
[2021-06-30 10:58:59.385] [exthost] [warning] [Decorations] CAPPING events from decorations provider vscode.git 343
[2021-06-30 10:59:04.442] [exthost] [warning] [Decorations] CAPPING events from decorations provider vscode.git 343
[2021-06-30 10:59:09.498] [exthost] [warning] [Decorations] CAPPING events from decorations provider vscode.git 343
[2021-06-30 10:59:14.557] [exthost] [warning] [Decorations] CAPPING events from decorations provider vscode.git 343
[2021-06-30 10:59:19.618] [exthost] [warning] [Decorations] CAPPING events from decorations provider vscode.git 343
[2021-06-30 10:59:24.673] [exthost] [warning] [Decorations] CAPPING events from decorations provider vscode.git 343
[2021-06-30 10:59:29.728] [exthost] [warning] [Decorations] CAPPING events from decorations provider vscode.git 343
[2021-06-30 10:59:34.783] [exthost] [warning] [Decorations] CAPPING events from decorations provider vscode.git 343
[2021-06-30 10:59:39.838] [exthost] [warning] [Decorations] CAPPING events from decorations provider vscode.git 343
[2021-06-30 10:59:44.896] [exthost] [warning] [Decorations] CAPPING events from decorations provider vscode.git 343
[2021-06-30 10:59:49.953] [exthost] [warning] [Decorations] CAPPING events from decorations provider vscode.git 343
[2021-06-30 10:59:55.011] [exthost] [warning] [Decorations] CAPPING events from decorations provider vscode.git 343
[2021-06-30 11:00:00.066] [exthost] [warning] [Decorations] CAPPING events from decorations provider vscode.git 343
[2021-06-30 11:00:05.121] [exthost] [warning] [Decorations] CAPPING events from decorations provider vscode.git 343
[2021-06-30 11:00:10.179] [exthost] [warning] [Decorations] CAPPING events from decorations provider vscode.git 343
[2021-06-30 11:00:15.236] [exthost] [warning] [Decorations] CAPPING events from decorations provider vscode.git 343
[2021-06-30 11:00:20.291] [exthost] [warning] [Decorations] CAPPING events from decorations provider vscode.git 343
[2021-06-30 11:00:25.347] [exthost] [warning] [Decorations] CAPPING events from decorations provider vscode.git 343
[2021-06-30 11:00:30.407] [exthost] [warning] [Decorations] CAPPING events from decorations provider vscode.git 343
[2021-06-30 11:00:35.466] [exthost] [warning] [Decorations] CAPPING events from decorations provider vscode.git 343
[2021-06-30 11:00:40.521] [exthost] [warning] [Decorations] CAPPING events from decorations provider vscode.git 343
[2021-06-30 11:00:45.574] [exthost] [warning] [Decorations] CAPPING events from decorations provider vscode.git 343
[2021-06-30 11:00:50.630] [exthost] [warning] [Decorations] CAPPING events from decorations provider vscode.git 343
[2021-06-30 11:00:55.686] [exthost] [warning] [Decorations] CAPPING events from decorations provider vscode.git 343
[2021-06-30 11:01:00.744] [exthost] [warning] [Decorations] CAPPING events from decorations provider vscode.git 343
[2021-06-30 11:01:05.799] [exthost] [warning] [Decorations] CAPPING events from decorations provider vscode.git 343
[2021-06-30 11:01:10.855] [exthost] [warning] [Decorations] CAPPING events from decorations provider vscode.git 343
[2021-06-30 11:01:15.910] [exthost] [warning] [Decorations] CAPPING events from decorations provider vscode.git 343
[2021-06-30 11:01:20.966] [exthost] [warning] [Decorations] CAPPING events from decorations provider vscode.git 343
[2021-06-30 11:01:26.023] [exthost] [warning] [Decorations] CAPPING events from decorations provider vscode.git 343
[2021-06-30 11:01:31.082] [exthost] [warning] [Decorations] CAPPING events from decorations provider vscode.git 343
[2021-06-30 11:01:36.141] [exthost] [warning] [Decorations] CAPPING events from decorations provider vscode.git 343
[2021-06-30 11:01:41.196] [exthost] [warning] [Decorations] CAPPING events from decorations provider vscode.git 343
[2021-06-30 11:01:46.251] [exthost] [warning] [Decorations] CAPPING events from decorations provider vscode.git 343
[2021-06-30 11:01:51.309] [exthost] [warning] [Decorations] CAPPING events from decorations provider vscode.git 343
[2021-06-30 11:01:56.365] [exthost] [warning] [Decorations] CAPPING events from decorations provider vscode.git 343
[2021-06-30 11:02:01.419] [exthost] [warning] [Decorations] CAPPING events from decorations provider vscode.git 343
[2021-06-30 11:02:06.474] [exthost] [warning] [Decorations] CAPPING events from decorations provider vscode.git 343
[2021-06-30 11:02:11.527] [exthost] [warning] [Decorations] CAPPING events from decorations provider vscode.git 343
[2021-06-30 11:02:16.584] [exthost] [warning] [Decorations] CAPPING events from decorations provider vscode.git 343
[2021-06-30 11:02:21.639] [exthost] [warning] [Decorations] CAPPING events from decorations provider vscode.git 343
[2021-06-30 11:02:26.693] [exthost] [warning] [Decorations] CAPPING events from decorations provider vscode.git 343
[2021-06-30 11:02:31.748] [exthost] [warning] [Decorations] CAPPING events from decorations provider vscode.git 343
[2021-06-30 11:02:36.807] [exthost] [warning] [Decorations] CAPPING events from decorations provider vscode.git 343
[2021-06-30 11:02:41.859] [exthost] [warning] [Decorations] CAPPING events from decorations provider vscode.git 343
[2021-06-30 11:02:46.912] [exthost] [warning] [Decorations] CAPPING events from decorations provider vscode.git 343
[2021-06-30 11:02:51.965] [exthost] [warning] [Decorations] CAPPING events from decorations provider vscode.git 343
[2021-06-30 11:02:57.019] [exthost] [warning] [Decorations] CAPPING events from decorations provider vscode.git 343
[2021-06-30 11:03:02.073] [exthost] [warning] [Decorations] CAPPING events from decorations provider vscode.git 343
[2021-06-30 11:03:07.128] [exthost] [warning] [Decorations] CAPPING events from decorations provider vscode.git 343
[2021-06-30 11:03:12.187] [exthost] [warning] [Decorations] CAPPING events from decorations provider vscode.git 343
[2021-06-30 11:03:17.244] [exthost] [warning] [Decorations] CAPPING events from decorations provider vscode.git 343
[2021-06-30 11:03:22.299] [exthost] [warning] [Decorations] CAPPING events from decorations provider vscode.git 343
[2021-06-30 11:03:27.356] [exthost] [warning] [Decorations] CAPPING events from decorations provider vscode.git 343
[2021-06-30 11:03:32.413] [exthost] [warning] [Decorations] CAPPING events from decorations provider vscode.git 343
[2021-06-30 11:03:37.471] [exthost] [warning] [Decorations] CAPPING events from decorations provider vscode.git 343
[2021-06-30 11:03:42.535] [exthost] [warning] [Decorations] CAPPING events from decorations provider vscode.git 343
[2021-06-30 11:03:47.590] [exthost] [warning] [Decorations] CAPPING events from decorations provider vscode.git 343
[2021-06-30 11:03:52.644] [exthost] [warning] [Decorations] CAPPING events from decorations provider vscode.git 343
[2021-06-30 11:03:57.701] [exthost] [warning] [Decorations] CAPPING events from decorations provider vscode.git 343
[2021-06-30 11:04:02.756] [exthost] [warning] [Decorations] CAPPING events from decorations provider vscode.git 343
[2021-06-30 11:04:07.807] [exthost] [warning] [Decorations] CAPPING events from decorations provider vscode.git 343
[2021-06-30 11:04:12.857] [exthost] [warning] [Decorations] CAPPING events from decorations provider vscode.git 343
[2021-06-30 11:04:17.909] [exthost] [warning] [Decorations] CAPPING events from decorations provider vscode.git 343
[2021-06-30 11:04:22.962] [exthost] [warning] [Decorations] CAPPING events from decorations provider vscode.git 343
[2021-06-30 11:04:28.012] [exthost] [warning] [Decorations] CAPPING events from decorations provider vscode.git 343
[2021-06-30 11:04:33.063] [exthost] [warning] [Decorations] CAPPING events from decorations provider vscode.git 343
[2021-06-30 11:04:38.118] [exthost] [warning] [Decorations] CAPPING events from decorations provider vscode.git 343
[2021-06-30 11:04:43.168] [exthost] [warning] [Decorations] CAPPING events from decorations provider vscode.git 343
[2021-06-30 11:04:48.224] [exthost] [warning] [Decorations] CAPPING events from decorations provider vscode.git 343
[2021-06-30 11:04:53.283] [exthost] [warning] [Decorations] CAPPING events from decorations provider vscode.git 343
[2021-06-30 11:04:58.342] [exthost] [warning] [Decorations] CAPPING events from decorations provider vscode.git 343
[2021-06-30 11:05:03.398] [exthost] [warning] [Decorations] CAPPING events from decorations provider vscode.git 343
[2021-06-30 11:05:08.457] [exthost] [warning] [Decorations] CAPPING events from decorations provider vscode.git 343
[2021-06-30 11:05:13.513] [exthost] [warning] [Decorations] CAPPING events from decorations provider vscode.git 343
[2021-06-30 11:05:18.569] [exthost] [warning] [Decorations] CAPPING events from decorations provider vscode.git 343
[2021-06-30 11:05:23.626] [exthost] [warning] [Decorations] CAPPING events from decorations provider vscode.git 343
[2021-06-30 11:05:28.682] [exthost] [warning] [Decorations] CAPPING events from decorations provider vscode.git 343
[2021-06-30 11:05:33.740] [exthost] [warning] [Decorations] CAPPING events from decorations provider vscode.git 343
[2021-06-30 11:05:38.792] [exthost] [warning] [Decorations] CAPPING events from decorations provider vscode.git 343
[2021-06-30 11:05:43.850] [exthost] [warning] [Decorations] CAPPING events from decorations provider vscode.git 343
[2021-06-30 11:05:48.909] [exthost] [warning] [Decorations] CAPPING events from decorations provider vscode.git 343
[2021-06-30 11:05:53.966] [exthost] [warning] [Decorations] CAPPING events from decorations provider vscode.git 343
[2021-06-30 11:05:59.024] [exthost] [warning] [Decorations] CAPPING events from decorations provider vscode.git 343
[2021-06-30 11:06:04.080] [exthost] [warning] [Decorations] CAPPING events from decorations provider vscode.git 343
[2021-06-30 11:06:09.138] [exthost] [warning] [Decorations] CAPPING events from decorations provider vscode.git 343
[2021-06-30 11:06:14.193] [exthost] [warning] [Decorations] CAPPING events from decorations provider vscode.git 343
[2021-06-30 11:06:19.249] [exthost] [warning] [Decorations] CAPPING events from decorations provider vscode.git 343
[2021-06-30 11:06:24.305] [exthost] [warning] [Decorations] CAPPING events from decorations provider vscode.git 343
[2021-06-30 11:06:29.362] [exthost] [warning] [Decorations] CAPPING events from decorations provider vscode.git 343
[2021-06-30 11:06:34.418] [exthost] [warning] [Decorations] CAPPING events from decorations provider vscode.git 343
[2021-06-30 11:06:39.471] [exthost] [warning] [Decorations] CAPPING events from decorations provider vscode.git 343
[2021-06-30 11:06:44.526] [exthost] [warning] [Decorations] CAPPING events from decorations provider vscode.git 343
[2021-06-30 11:06:49.579] [exthost] [warning] [Decorations] CAPPING events from decorations provider vscode.git 343
[2021-06-30 11:06:54.637] [exthost] [warning] [Decorations] CAPPING events from decorations provider vscode.git 343
[2021-06-30 11:06:59.694] [exthost] [warning] [Decorations] CAPPING events from decorations provider vscode.git 343
[2021-06-30 11:07:04.750] [exthost] [warning] [Decorations] CAPPING events from decorations provider vscode.git 343
[2021-06-30 11:07:09.811] [exthost] [warning] [Decorations] CAPPING events from decorations provider vscode.git 343
[2021-06-30 11:07:14.874] [exthost] [warning] [Decorations] CAPPING events from decorations provider vscode.git 343
[2021-06-30 11:07:19.934] [exthost] [warning] [Decorations] CAPPING events from decorations provider vscode.git 343
[2021-06-30 11:07:24.990] [exthost] [warning] [Decorations] CAPPING events from decorations provider vscode.git 343
[2021-06-30 11:07:30.048] [exthost] [warning] [Decorations] CAPPING events from decorations provider vscode.git 343
[2021-06-30 11:07:35.108] [exthost] [warning] [Decorations] CAPPING events from decorations provider vscode.git 343
[2021-06-30 11:07:40.167] [exthost] [warning] [Decorations] CAPPING events from decorations provider vscode.git 343
[2021-06-30 11:07:45.222] [exthost] [warning] [Decorations] CAPPING events from decorations provider vscode.git 343
[2021-06-30 11:07:50.279] [exthost] [warning] [Decorations] CAPPING events from decorations provider vscode.git 343
[2021-06-30 11:07:55.337] [exthost] [warning] [Decorations] CAPPING events from decorations provider vscode.git 343
[2021-06-30 11:08:00.396] [exthost] [warning] [Decorations] CAPPING events from decorations provider vscode.git 343
[2021-06-30 11:08:05.451] [exthost] [warning] [Decorations] CAPPING events from decorations provider vscode.git 343
[2021-06-30 11:08:10.507] [exthost] [warning] [Decorations] CAPPING events from decorations provider vscode.git 343
[2021-06-30 11:08:15.563] [exthost] [warning] [Decorations] CAPPING events from decorations provider vscode.git 343
[2021-06-30 11:08:20.619] [exthost] [warning] [Decorations] CAPPING events from decorations provider vscode.git 343
[2021-06-30 11:08:25.676] [exthost] [warning] [Decorations] CAPPING events from decorations provider vscode.git 343
[2021-06-30 11:08:30.734] [exthost] [warning] [Decorations] CAPPING events from decorations provider vscode.git 343
[2021-06-30 11:08:35.790] [exthost] [warning] [Decorations] CAPPING events from decorations provider vscode.git 343
[2021-06-30 11:08:40.845] [exthost] [warning] [Decorations] CAPPING events from decorations provider vscode.git 343
[2021-06-30 11:08:45.899] [exthost] [warning] [Decorations] CAPPING events from decorations provider vscode.git 343
[2021-06-30 11:08:50.957] [exthost] [warning] [Decorations] CAPPING events from decorations provider vscode.git 343
[2021-06-30 11:08:56.013] [exthost] [warning] [Decorations] CAPPING events from decorations provider vscode.git 343
[2021-06-30 11:09:01.068] [exthost] [warning] [Decorations] CAPPING events from decorations provider vscode.git 343
[2021-06-30 11:09:06.127] [exthost] [warning] [Decorations] CAPPING events from decorations provider vscode.git 343
[2021-06-30 11:09:11.184] [exthost] [warning] [Decorations] CAPPING events from decorations provider vscode.git 343
[2021-06-30 11:09:16.240] [exthost] [warning] [Decorations] CAPPING events from decorations provider vscode.git 343
[2021-06-30 11:09:21.297] [exthost] [warning] [Decorations] CAPPING events from decorations provider vscode.git 343
[2021-06-30 11:09:26.356] [exthost] [warning] [Decorations] CAPPING events from decorations provider vscode.git 343
[2021-06-30 11:09:31.411] [exthost] [warning] [Decorations] CAPPING events from decorations provider vscode.git 343
[2021-06-30 11:09:36.467] [exthost] [warning] [Decorations] CAPPING events from decorations provider vscode.git 343
[2021-06-30 11:09:41.524] [exthost] [warning] [Decorations] CAPPING events from decorations provider vscode.git 343
[2021-06-30 11:09:46.578] [exthost] [warning] [Decorations] CAPPING events from decorations provider vscode.git 343
[2021-06-30 11:09:51.631] [exthost] [warning] [Decorations] CAPPING events from decorations provider vscode.git 343
[2021-06-30 11:09:56.686] [exthost] [warning] [Decorations] CAPPING events from decorations provider vscode.git 343
[2021-06-30 11:10:01.743] [exthost] [warning] [Decorations] CAPPING events from decorations provider vscode.git 343
[2021-06-30 11:10:06.797] [exthost] [warning] [Decorations] CAPPING events from decorations provider vscode.git 343
[2021-06-30 11:10:11.852] [exthost] [warning] [Decorations] CAPPING events from decorations provider vscode.git 343
[2021-06-30 11:10:16.907] [exthost] [warning] [Decorations] CAPPING events from decorations provider vscode.git 343
[2021-06-30 11:10:21.969] [exthost] [warning] [Decorations] CAPPING events from decorations provider vscode.git 343
[2021-06-30 11:10:27.026] [exthost] [warning] [Decorations] CAPPING events from decorations provider vscode.git 343
[2021-06-30 11:10:32.086] [exthost] [warning] [Decorations] CAPPING events from decorations provider vscode.git 343
[2021-06-30 11:10:37.142] [exthost] [warning] [Decorations] CAPPING events from decorations provider vscode.git 343
[2021-06-30 11:10:42.198] [exthost] [warning] [Decorations] CAPPING events from decorations provider vscode.git 343
[2021-06-30 11:10:47.250] [exthost] [warning] [Decorations] CAPPING events from decorations provider vscode.git 343
[2021-06-30 11:10:52.305] [exthost] [warning] [Decorations] CAPPING events from decorations provider vscode.git 343
[2021-06-30 11:10:57.360] [exthost] [warning] [Decorations] CAPPING events from decorations provider vscode.git 343
[2021-06-30 11:11:02.419] [exthost] [warning] [Decorations] CAPPING events from decorations provider vscode.git 343
[2021-06-30 11:11:07.476] [exthost] [warning] [Decorations] CAPPING events from decorations provider vscode.git 343
[2021-06-30 11:11:12.530] [exthost] [warning] [Decorations] CAPPING events from decorations provider vscode.git 343
[2021-06-30 11:11:17.588] [exthost] [warning] [Decorations] CAPPING events from decorations provider vscode.git 343
[2021-06-30 11:11:22.644] [exthost] [warning] [Decorations] CAPPING events from decorations provider vscode.git 343
[2021-06-30 11:11:27.722] [exthost] [warning] [Decorations] CAPPING events from decorations provider vscode.git 343
[2021-06-30 11:11:32.781] [exthost] [warning] [Decorations] CAPPING events from decorations provider vscode.git 343
[2021-06-30 11:11:37.837] [exthost] [warning] [Decorations] CAPPING events from decorations provider vscode.git 343
[2021-06-30 11:11:42.891] [exthost] [warning] [Decorations] CAPPING events from decorations provider vscode.git 343
[2021-06-30 11:11:47.945] [exthost] [warning] [Decorations] CAPPING events from decorations provider vscode.git 343
[2021-06-30 11:11:53.003] [exthost] [warning] [Decorations] CAPPING events from decorations provider vscode.git 343
[2021-06-30 11:11:58.055] [exthost] [warning] [Decorations] CAPPING events from decorations provider vscode.git 343
[2021-06-30 11:12:03.103] [exthost] [warning] [Decorations] CAPPING events from decorations provider vscode.git 343
[2021-06-30 11:12:08.151] [exthost] [warning] [Decorations] CAPPING events from decorations provider vscode.git 343
[2021-06-30 11:12:13.207] [exthost] [warning] [Decorations] CAPPING events from decorations provider vscode.git 343
[2021-06-30 11:12:18.259] [exthost] [warning] [Decorations] CAPPING events from decorations provider vscode.git 343
[2021-06-30 11:12:23.316] [exthost] [warning] [Decorations] CAPPING events from decorations provider vscode.git 343
[2021-06-30 11:12:28.372] [exthost] [warning] [Decorations] CAPPING events from decorations provider vscode.git 343
[2021-06-30 11:12:33.425] [exthost] [warning] [Decorations] CAPPING events from decorations provider vscode.git 343
[2021-06-30 11:12:38.484] [exthost] [warning] [Decorations] CAPPING events from decorations provider vscode.git 343
[2021-06-30 11:12:43.541] [exthost] [warning] [Decorations] CAPPING events from decorations provider vscode.git 343
[2021-06-30 11:12:48.596] [exthost] [warning] [Decorations] CAPPING events from decorations provider vscode.git 343
[2021-06-30 11:12:53.653] [exthost] [warning] [Decorations] CAPPING events from decorations provider vscode.git 343
[2021-06-30 11:12:58.708] [exthost] [warning] [Decorations] CAPPING events from decorations provider vscode.git 343
[2021-06-30 11:13:03.766] [exthost] [warning] [Decorations] CAPPING events from decorations provider vscode.git 343
[2021-06-30 11:13:08.823] [exthost] [warning] [Decorations] CAPPING events from decorations provider vscode.git 343
[2021-06-30 11:13:13.869] [exthost] [warning] [Decorations] CAPPING events from decorations provider vscode.git 343
[2021-06-30 11:13:18.925] [exthost] [warning] [Decorations] CAPPING events from decorations provider vscode.git 343
[2021-06-30 11:13:23.982] [exthost] [warning] [Decorations] CAPPING events from decorations provider vscode.git 343
[2021-06-30 11:13:29.041] [exthost] [warning] [Decorations] CAPPING events from decorations provider vscode.git 343
[2021-06-30 11:13:34.096] [exthost] [warning] [Decorations] CAPPING events from decorations provider vscode.git 343
[2021-06-30 11:13:39.151] [exthost] [warning] [Decorations] CAPPING events from decorations provider vscode.git 343
[2021-06-30 11:13:44.207] [exthost] [warning] [Decorations] CAPPING events from decorations provider vscode.git 343
[2021-06-30 11:13:49.261] [exthost] [warning] [Decorations] CAPPING events from decorations provider vscode.git 343
[2021-06-30 11:13:54.318] [exthost] [warning] [Decorations] CAPPING events from decorations provider vscode.git 343
[2021-06-30 11:13:59.374] [exthost] [warning] [Decorations] CAPPING events from decorations provider vscode.git 343
[2021-06-30 11:14:04.437] [exthost] [warning] [Decorations] CAPPING events from decorations provider vscode.git 343
[2021-06-30 11:14:09.491] [exthost] [warning] [Decorations] CAPPING events from decorations provider vscode.git 343
[2021-06-30 11:14:14.546] [exthost] [warning] [Decorations] CAPPING events from decorations provider vscode.git 343
[2021-06-30 11:14:19.606] [exthost] [warning] [Decorations] CAPPING events from decorations provider vscode.git 343
[2021-06-30 11:14:24.661] [exthost] [warning] [Decorations] CAPPING events from decorations provider vscode.git 343
[2021-06-30 11:14:29.716] [exthost] [warning] [Decorations] CAPPING events from decorations provider vscode.git 343
[2021-06-30 11:14:34.773] [exthost] [warning] [Decorations] CAPPING events from decorations provider vscode.git 343
[2021-06-30 11:14:39.833] [exthost] [warning] [Decorations] CAPPING events from decorations provider vscode.git 343
[2021-06-30 11:14:44.886] [exthost] [warning] [Decorations] CAPPING events from decorations provider vscode.git 343
[2021-06-30 11:14:49.940] [exthost] [warning] [Decorations] CAPPING events from decorations provider vscode.git 343
[2021-06-30 11:14:54.993] [exthost] [warning] [Decorations] CAPPING events from decorations provider vscode.git 343
[2021-06-30 11:15:00.046] [exthost] [warning] [Decorations] CAPPING events from decorations provider vscode.git 343
[2021-06-30 11:15:05.104] [exthost] [warning] [Decorations] CAPPING events from decorations provider vscode.git 343
[2021-06-30 11:15:10.161] [exthost] [warning] [Decorations] CAPPING events from decorations provider vscode.git 343
[2021-06-30 11:15:15.216] [exthost] [warning] [Decorations] CAPPING events from decorations provider vscode.git 343
[2021-06-30 11:15:20.273] [exthost] [warning] [Decorations] CAPPING events from decorations provider vscode.git 343
[2021-06-30 11:15:25.328] [exthost] [warning] [Decorations] CAPPING events from decorations provider vscode.git 343
[2021-06-30 11:15:30.382] [exthost] [warning] [Decorations] CAPPING events from decorations provider vscode.git 343
[2021-06-30 11:15:35.435] [exthost] [warning] [Decorations] CAPPING events from decorations provider vscode.git 343
[2021-06-30 11:15:40.493] [exthost] [warning] [Decorations] CAPPING events from decorations provider vscode.git 343
[2021-06-30 11:15:45.545] [exthost] [warning] [Decorations] CAPPING events from decorations provider vscode.git 343
[2021-06-30 11:15:50.603] [exthost] [warning] [Decorations] CAPPING events from decorations provider vscode.git 343
[2021-06-30 11:15:55.659] [exthost] [warning] [Decorations] CAPPING events from decorations provider vscode.git 343
[2021-06-30 11:16:00.719] [exthost] [warning] [Decorations] CAPPING events from decorations provider vscode.git 343
[2021-06-30 11:16:05.779] [exthost] [warning] [Decorations] CAPPING events from decorations provider vscode.git 343
[2021-06-30 11:16:10.833] [exthost] [warning] [Decorations] CAPPING events from decorations provider vscode.git 343
[2021-06-30 11:16:15.892] [exthost] [warning] [Decorations] CAPPING events from decorations provider vscode.git 343
[2021-06-30 11:16:20.948] [exthost] [warning] [Decorations] CAPPING events from decorations provider vscode.git 343
[2021-06-30 11:16:26.006] [exthost] [warning] [Decorations] CAPPING events from decorations provider vscode.git 343
[2021-06-30 11:16:31.063] [exthost] [warning] [Decorations] CAPPING events from decorations provider vscode.git 343
[2021-06-30 11:17:02.180] [exthost] [warning] [Decorations] CAPPING events from decorations provider vscode.git 343
[2021-06-30 11:17:07.234] [exthost] [warning] [Decorations] CAPPING events from decorations provider vscode.git 342
[2021-06-30 11:17:12.288] [exthost] [warning] [Decorations] CAPPING events from decorations provider vscode.git 342
[2021-06-30 11:17:17.335] [exthost] [warning] [Decorations] CAPPING events from decorations provider vscode.git 343
[2021-06-30 11:17:22.385] [exthost] [warning] [Decorations] CAPPING events from decorations provider vscode.git 343
[2021-06-30 11:17:27.437] [exthost] [warning] [Decorations] CAPPING events from decorations provider vscode.git 343
[2021-06-30 11:17:49.365] [exthost] [warning] [Decorations] CAPPING events from decorations provider vscode.git 343
[2021-06-30 11:17:54.418] [exthost] [warning] [Decorations] CAPPING events from decorations provider vscode.git 343
[2021-06-30 11:18:15.934] [exthost] [warning] [Decorations] CAPPING events from decorations provider vscode.git 343
[2021-06-30 11:18:20.985] [exthost] [warning] [Decorations] CAPPING events from decorations provider vscode.git 342
[2021-06-30 11:18:26.036] [exthost] [warning] [Decorations] CAPPING events from decorations provider vscode.git 342
[2021-06-30 11:18:31.094] [exthost] [warning] [Decorations] CAPPING events from decorations provider vscode.git 342
[2021-06-30 11:18:36.144] [exthost] [warning] [Decorations] CAPPING events from decorations provider vscode.git 343
[2021-06-30 11:18:41.199] [exthost] [warning] [Decorations] CAPPING events from decorations provider vscode.git 343
[2021-06-30 11:18:46.254] [exthost] [warning] [Decorations] CAPPING events from decorations provider vscode.git 343
[2021-06-30 11:18:51.315] [exthost] [warning] [Decorations] CAPPING events from decorations provider vscode.git 343
[2021-06-30 11:19:12.475] [exthost] [warning] [Decorations] CAPPING events from decorations provider vscode.git 343
[2021-06-30 11:19:21.840] [exthost] [warning] [Decorations] CAPPING events from decorations provider vscode.git 342
[2021-06-30 11:19:26.902] [exthost] [warning] [Decorations] CAPPING events from decorations provider vscode.git 342
[2021-06-30 11:19:31.953] [exthost] [warning] [Decorations] CAPPING events from decorations provider vscode.git 343
[2021-06-30 11:19:37.009] [exthost] [warning] [Decorations] CAPPING events from decorations provider vscode.git 343
[2021-06-30 11:19:42.055] [exthost] [warning] [Decorations] CAPPING events from decorations provider vscode.git 343
[2021-06-30 11:19:47.102] [exthost] [warning] [Decorations] CAPPING events from decorations provider vscode.git 343
[2021-06-30 11:19:52.154] [exthost] [warning] [Decorations] CAPPING events from decorations provider vscode.git 343
[2021-06-30 11:19:57.291] [exthost] [warning] [Decorations] CAPPING events from decorations provider vscode.git 343
[2021-06-30 11:20:02.360] [exthost] [warning] [Decorations] CAPPING events from decorations provider vscode.git 342
[2021-06-30 11:20:07.417] [exthost] [warning] [Decorations] CAPPING events from decorations provider vscode.git 342
[2021-06-30 11:20:12.470] [exthost] [warning] [Decorations] CAPPING events from decorations provider vscode.git 343
[2021-06-30 11:20:17.528] [exthost] [warning] [Decorations] CAPPING events from decorations provider vscode.git 343
[2021-06-30 11:20:22.584] [exthost] [warning] [Decorations] CAPPING events from decorations provider vscode.git 343
[2021-06-30 11:20:27.641] [exthost] [warning] [Decorations] CAPPING events from decorations provider vscode.git 343
[2021-06-30 11:20:32.702] [exthost] [warning] [Decorations] CAPPING events from decorations provider vscode.git 343
[2021-06-30 11:20:37.760] [exthost] [warning] [Decorations] CAPPING events from decorations provider vscode.git 343
[2021-06-30 11:21:06.229] [exthost] [warning] [Decorations] CAPPING events from decorations provider vscode.git 343
[2021-06-30 11:21:18.859] [exthost] [warning] [Decorations] CAPPING events from decorations provider vscode.git 343
[2021-06-30 11:23:39.428] [exthost] [warning] [Decorations] CAPPING events from decorations provider vscode.git 343
[2021-06-30 11:23:44.485] [exthost] [warning] [Decorations] CAPPING events from decorations provider vscode.git 343
[2021-06-30 11:23:49.540] [exthost] [warning] [Decorations] CAPPING events from decorations provider vscode.git 343
[2021-06-30 11:23:57.240] [exthost] [warning] [Decorations] CAPPING events from decorations provider vscode.git 343
[2021-06-30 11:24:15.874] [exthost] [warning] [Decorations] CAPPING events from decorations provider vscode.git 342
[2021-06-30 11:24:20.929] [exthost] [warning] [Decorations] CAPPING events from decorations provider vscode.git 342
[2021-06-30 11:24:41.776] [exthost] [warning] [Decorations] CAPPING events from decorations provider vscode.git 342
[2021-06-30 11:24:49.647] [exthost] [warning] [Decorations] CAPPING events from decorations provider vscode.git 342
[2021-06-30 11:25:06.405] [exthost] [warning] [Decorations] CAPPING events from decorations provider vscode.git 342
[2021-06-30 11:25:37.093] [exthost] [warning] [Decorations] CAPPING events from decorations provider vscode.git 342
[2021-06-30 11:25:54.538] [exthost] [warning] [Decorations] CAPPING events from decorations provider vscode.git 342
[2021-06-30 11:27:11.760] [exthost] [warning] [Decorations] CAPPING events from decorations provider vscode.git 342
[2021-06-30 11:27:16.814] [exthost] [warning] [Decorations] CAPPING events from decorations provider vscode.git 342
[2021-06-30 11:27:24.408] [exthost] [warning] [Decorations] CAPPING events from decorations provider vscode.git 342
[2021-06-30 11:27:29.463] [exthost] [warning] [Decorations] CAPPING events from decorations provider vscode.git 343
[2021-06-30 11:27:34.515] [exthost] [warning] [Decorations] CAPPING events from decorations provider vscode.git 343
[2021-06-30 11:27:39.572] [exthost] [warning] [Decorations] CAPPING events from decorations provider vscode.git 343
[2021-06-30 11:27:44.627] [exthost] [warning] [Decorations] CAPPING events from decorations provider vscode.git 343
[2021-06-30 11:27:49.682] [exthost] [warning] [Decorations] CAPPING events from decorations provider vscode.git 343
[2021-06-30 11:27:54.733] [exthost] [warning] [Decorations] CAPPING events from decorations provider vscode.git 343
[2021-06-30 11:27:59.790] [exthost] [warning] [Decorations] CAPPING events from decorations provider vscode.git 343
[2021-06-30 11:28:04.846] [exthost] [warning] [Decorations] CAPPING events from decorations provider vscode.git 343
[2021-06-30 11:28:09.899] [exthost] [warning] [Decorations] CAPPING events from decorations provider vscode.git 343
[2021-06-30 11:28:14.956] [exthost] [warning] [Decorations] CAPPING events from decorations provider vscode.git 343
[2021-06-30 11:28:20.012] [exthost] [warning] [Decorations] CAPPING events from decorations provider vscode.git 343
[2021-06-30 11:28:25.071] [exthost] [warning] [Decorations] CAPPING events from decorations provider vscode.git 343
[2021-06-30 11:28:30.127] [exthost] [warning] [Decorations] CAPPING events from decorations provider vscode.git 343
[2021-06-30 11:28:35.184] [exthost] [warning] [Decorations] CAPPING events from decorations provider vscode.git 343
[2021-06-30 11:28:40.245] [exthost] [warning] [Decorations] CAPPING events from decorations provider vscode.git 343
[2021-06-30 11:28:45.301] [exthost] [warning] [Decorations] CAPPING events from decorations provider vscode.git 343
[2021-06-30 11:28:50.356] [exthost] [warning] [Decorations] CAPPING events from decorations provider vscode.git 343
[2021-06-30 11:28:55.413] [exthost] [warning] [Decorations] CAPPING events from decorations provider vscode.git 343
[2021-06-30 11:29:00.470] [exthost] [warning] [Decorations] CAPPING events from decorations provider vscode.git 343
[2021-06-30 11:29:05.523] [exthost] [warning] [Decorations] CAPPING events from decorations provider vscode.git 343
[2021-06-30 11:29:10.581] [exthost] [warning] [Decorations] CAPPING events from decorations provider vscode.git 343
[2021-06-30 11:29:15.638] [exthost] [warning] [Decorations] CAPPING events from decorations provider vscode.git 343
[2021-06-30 11:29:20.689] [exthost] [warning] [Decorations] CAPPING events from decorations provider vscode.git 343
[2021-06-30 11:29:25.163] [exthost] [error] [vscode.typescript-language-features] provider FAILED
[2021-06-30 11:29:25.183] [exthost] [error] Error: <semantic> TypeScript Server Error (4.3.2)
Debug Failure. False expression: `JsxText` tokens should not be the first child of `JsxElement | JsxSelfClosingElement`
Error: Debug Failure. False expression: `JsxText` tokens should not be the first child of `JsxElement | JsxSelfClosingElement`
    at findRightmostChildNodeWithTokens (/snap/code/67/usr/share/code/resources/app/extensions/node_modules/typescript/lib/tsserver.js:119188:26)
    at find (/snap/code/67/usr/share/code/resources/app/extensions/node_modules/typescript/lib/tsserver.js:119162:29)
    at findPrecedingToken (/snap/code/67/usr/share/code/resources/app/extensions/node_modules/typescript/lib/tsserver.js:119112:22)
    at getTokenAtPositionWorker (/snap/code/67/usr/share/code/resources/app/extensions/node_modules/typescript/lib/tsserver.js:119047:41)
    at getTouchingToken (/snap/code/67/usr/share/code/resources/app/extensions/node_modules/typescript/lib/tsserver.js:119021:16)
    at Object.getTouchingPropertyName (/snap/code/67/usr/share/code/resources/app/extensions/node_modules/typescript/lib/tsserver.js:119013:16)
    at Proxy.getQuickInfoAtPosition (/snap/code/67/usr/share/code/resources/app/extensions/node_modules/typescript/lib/tsserver.js:153375:27)
    at IOSession.Session.getQuickInfoWorker (/snap/code/67/usr/share/code/resources/app/extensions/node_modules/typescript/lib/tsserver.js:164453:62)
    at Session.handlers.ts.Map.ts.getEntries._a.<computed> (/snap/code/67/usr/share/code/resources/app/extensions/node_modules/typescript/lib/tsserver.js:163363:61)
    at /snap/code/67/usr/share/code/resources/app/extensions/node_modules/typescript/lib/tsserver.js:165205:88
    at IOSession.Session.executeWithRequestId (/snap/code/67/usr/share/code/resources/app/extensions/node_modules/typescript/lib/tsserver.js:165196:28)
    at IOSession.Session.executeCommand (/snap/code/67/usr/share/code/resources/app/extensions/node_modules/typescript/lib/tsserver.js:165205:33)
    at IOSession.Session.onMessage (/snap/code/67/usr/share/code/resources/app/extensions/node_modules/typescript/lib/tsserver.js:165231:35)
    at Interface.<anonymous> (/snap/code/67/usr/share/code/resources/app/extensions/node_modules/typescript/lib/tsserver.js:167833:31)
    at Interface.emit (events.js:315:20)
    at Interface._onLine (readline.js:337:10)
    at Interface._normalWrite (readline.js:482:12)
    at Socket.ondata (readline.js:194:10)
    at Socket.emit (events.js:315:20)
    at addChunk (internal/streams/readable.js:309:12)
    at readableAddChunk (internal/streams/readable.js:284:9)
    at Socket.Readable.push (internal/streams/readable.js:223:10)
    at Pipe.onStreamRead (internal/stream_base_commons.js:188:23)
	at Function.create (/snap/code/67/usr/share/code/resources/app/extensions/typescript-language-features/dist/extension.js:1:75687)
	at dispatchResponse (/snap/code/67/usr/share/code/resources/app/extensions/typescript-language-features/dist/extension.js:1:69551)
	at dispatchMessage (/snap/code/67/usr/share/code/resources/app/extensions/typescript-language-features/dist/extension.js:1:68410)
	at /snap/code/67/usr/share/code/resources/app/extensions/typescript-language-features/dist/extension.js:1:67920
	at l.fire (/snap/code/67/usr/share/code/resources/app/out/vs/workbench/services/extensions/node/extensionHostProcess.js:57:1835)
	at g.onLengthData (/snap/code/67/usr/share/code/resources/app/extensions/typescript-language-features/dist/extension.js:1:434282)
	at Socket.<anonymous> (/snap/code/67/usr/share/code/resources/app/extensions/typescript-language-features/dist/extension.js:1:433930)
	at Socket.emit (events.js:315:20)
	at addChunk (internal/streams/readable.js:309:12)
	at readableAddChunk (internal/streams/readable.js:284:9)
	at Socket.Readable.push (internal/streams/readable.js:223:10)
	at Pipe.onStreamRead (internal/stream_base_commons.js:188:23)
[2021-06-30 11:29:25.742] [exthost] [warning] [Decorations] CAPPING events from decorations provider vscode.git 343
[2021-06-30 11:29:30.798] [exthost] [warning] [Decorations] CAPPING events from decorations provider vscode.git 343
[2021-06-30 11:29:35.856] [exthost] [warning] [Decorations] CAPPING events from decorations provider vscode.git 343
[2021-06-30 11:29:40.913] [exthost] [warning] [Decorations] CAPPING events from decorations provider vscode.git 343
[2021-06-30 11:29:45.972] [exthost] [warning] [Decorations] CAPPING events from decorations provider vscode.git 343
[2021-06-30 11:29:51.033] [exthost] [warning] [Decorations] CAPPING events from decorations provider vscode.git 343
[2021-06-30 11:29:56.088] [exthost] [warning] [Decorations] CAPPING events from decorations provider vscode.git 343
[2021-06-30 11:30:01.159] [exthost] [warning] [Decorations] CAPPING events from decorations provider vscode.git 343
[2021-06-30 11:30:06.219] [exthost] [warning] [Decorations] CAPPING events from decorations provider vscode.git 343
[2021-06-30 11:30:11.272] [exthost] [warning] [Decorations] CAPPING events from decorations provider vscode.git 343
[2021-06-30 11:30:16.326] [exthost] [warning] [Decorations] CAPPING events from decorations provider vscode.git 343
[2021-06-30 11:30:21.382] [exthost] [warning] [Decorations] CAPPING events from decorations provider vscode.git 343
[2021-06-30 11:30:26.434] [exthost] [warning] [Decorations] CAPPING events from decorations provider vscode.git 343
[2021-06-30 11:30:31.489] [exthost] [warning] [Decorations] CAPPING events from decorations provider vscode.git 343
[2021-06-30 11:30:36.545] [exthost] [warning] [Decorations] CAPPING events from decorations provider vscode.git 343
[2021-06-30 11:30:41.595] [exthost] [warning] [Decorations] CAPPING events from decorations provider vscode.git 343
[2021-06-30 11:30:46.644] [exthost] [warning] [Decorations] CAPPING events from decorations provider vscode.git 343
[2021-06-30 11:30:51.706] [exthost] [warning] [Decorations] CAPPING events from decorations provider vscode.git 343
[2021-06-30 11:31:55.215] [exthost] [warning] [Decorations] CAPPING events from decorations provider vscode.git 343
[2021-06-30 11:32:00.272] [exthost] [warning] [Decorations] CAPPING events from decorations provider vscode.git 343
[2021-06-30 11:32:05.326] [exthost] [warning] [Decorations] CAPPING events from decorations provider vscode.git 343
[2021-06-30 11:32:10.385] [exthost] [warning] [Decorations] CAPPING events from decorations provider vscode.git 343
[2021-06-30 11:32:15.444] [exthost] [warning] [Decorations] CAPPING events from decorations provider vscode.git 343
[2021-06-30 11:32:20.498] [exthost] [warning] [Decorations] CAPPING events from decorations provider vscode.git 343
[2021-06-30 11:32:25.554] [exthost] [warning] [Decorations] CAPPING events from decorations provider vscode.git 343
[2021-06-30 11:32:30.604] [exthost] [warning] [Decorations] CAPPING events from decorations provider vscode.git 343
[2021-06-30 11:32:38.541] [exthost] [warning] [Decorations] CAPPING events from decorations provider vscode.git 342
[2021-06-30 11:32:43.598] [exthost] [warning] [Decorations] CAPPING events from decorations provider vscode.git 342
[2021-06-30 11:32:48.656] [exthost] [warning] [Decorations] CAPPING events from decorations provider vscode.git 342
[2021-06-30 11:32:53.712] [exthost] [warning] [Decorations] CAPPING events from decorations provider vscode.git 342
[2021-06-30 11:32:58.774] [exthost] [warning] [Decorations] CAPPING events from decorations provider vscode.git 343
[2021-06-30 11:33:03.828] [exthost] [warning] [Decorations] CAPPING events from decorations provider vscode.git 344
[2021-06-30 11:33:08.881] [exthost] [warning] [Decorations] CAPPING events from decorations provider vscode.git 345
[2021-06-30 11:33:13.938] [exthost] [warning] [Decorations] CAPPING events from decorations provider vscode.git 343
[2021-06-30 11:33:18.995] [exthost] [warning] [Decorations] CAPPING events from decorations provider vscode.git 343
[2021-06-30 11:33:24.046] [exthost] [warning] [Decorations] CAPPING events from decorations provider vscode.git 344
[2021-06-30 11:33:29.094] [exthost] [warning] [Decorations] CAPPING events from decorations provider vscode.git 344
[2021-06-30 11:33:34.144] [exthost] [warning] [Decorations] CAPPING events from decorations provider vscode.git 344
[2021-06-30 11:33:39.194] [exthost] [warning] [Decorations] CAPPING events from decorations provider vscode.git 343
[2021-06-30 11:33:44.247] [exthost] [warning] [Decorations] CAPPING events from decorations provider vscode.git 344
[2021-06-30 11:33:49.305] [exthost] [warning] [Decorations] CAPPING events from decorations provider vscode.git 344
[2021-06-30 11:33:54.665] [exthost] [warning] [Decorations] CAPPING events from decorations provider vscode.git 344
[2021-06-30 11:33:59.750] [exthost] [warning] [Decorations] CAPPING events from decorations provider vscode.git 344
[2021-06-30 11:34:04.811] [exthost] [warning] [Decorations] CAPPING events from decorations provider vscode.git 344
[2021-06-30 11:34:09.870] [exthost] [warning] [Decorations] CAPPING events from decorations provider vscode.git 344
[2021-06-30 11:34:14.931] [exthost] [warning] [Decorations] CAPPING events from decorations provider vscode.git 344
[2021-06-30 11:34:19.986] [exthost] [warning] [Decorations] CAPPING events from decorations provider vscode.git 344
[2021-06-30 11:34:25.042] [exthost] [warning] [Decorations] CAPPING events from decorations provider vscode.git 343
[2021-06-30 11:34:30.100] [exthost] [warning] [Decorations] CAPPING events from decorations provider vscode.git 343
[2021-06-30 11:34:38.372] [exthost] [warning] [Decorations] CAPPING events from decorations provider vscode.git 343
[2021-06-30 11:34:43.429] [exthost] [warning] [Decorations] CAPPING events from decorations provider vscode.git 344
[2021-06-30 11:34:48.485] [exthost] [warning] [Decorations] CAPPING events from decorations provider vscode.git 344
[2021-06-30 11:34:53.543] [exthost] [warning] [Decorations] CAPPING events from decorations provider vscode.git 344
[2021-06-30 11:35:00.310] [exthost] [warning] [Decorations] CAPPING events from decorations provider vscode.git 343
[2021-06-30 11:35:05.365] [exthost] [warning] [Decorations] CAPPING events from decorations provider vscode.git 344
[2021-06-30 11:35:10.422] [exthost] [warning] [Decorations] CAPPING events from decorations provider vscode.git 344
[2021-06-30 11:35:15.479] [exthost] [warning] [Decorations] CAPPING events from decorations provider vscode.git 344
[2021-06-30 11:35:21.541] [exthost] [warning] [Decorations] CAPPING events from decorations provider vscode.git 343
[2021-06-30 11:35:26.600] [exthost] [warning] [Decorations] CAPPING events from decorations provider vscode.git 343
[2021-06-30 11:35:31.657] [exthost] [warning] [Decorations] CAPPING events from decorations provider vscode.git 343
[2021-06-30 11:35:36.715] [exthost] [warning] [Decorations] CAPPING events from decorations provider vscode.git 343
[2021-06-30 11:35:41.772] [exthost] [warning] [Decorations] CAPPING events from decorations provider vscode.git 343
[2021-06-30 11:35:51.014] [exthost] [warning] [Decorations] CAPPING events from decorations provider vscode.git 343
[2021-06-30 11:35:56.078] [exthost] [warning] [Decorations] CAPPING events from decorations provider vscode.git 344
[2021-06-30 11:36:01.638] [exthost] [warning] [Decorations] CAPPING events from decorations provider vscode.git 344
[2021-06-30 11:36:08.397] [exthost] [warning] [Decorations] CAPPING events from decorations provider vscode.git 343
[2021-06-30 11:36:13.955] [exthost] [warning] [Decorations] CAPPING events from decorations provider vscode.git 343
[2021-06-30 11:36:19.008] [exthost] [warning] [Decorations] CAPPING events from decorations provider vscode.git 344
[2021-06-30 11:36:24.065] [exthost] [warning] [Decorations] CAPPING events from decorations provider vscode.git 344
[2021-06-30 11:36:29.119] [exthost] [warning] [Decorations] CAPPING events from decorations provider vscode.git 344
[2021-06-30 11:36:34.175] [exthost] [warning] [Decorations] CAPPING events from decorations provider vscode.git 344
[2021-06-30 11:36:39.218] [exthost] [warning] [Decorations] CAPPING events from decorations provider vscode.git 344
[2021-06-30 11:36:44.268] [exthost] [warning] [Decorations] CAPPING events from decorations provider vscode.git 344
[2021-06-30 11:36:49.315] [exthost] [warning] [Decorations] CAPPING events from decorations provider vscode.git 344
[2021-06-30 11:36:55.091] [exthost] [warning] [Decorations] CAPPING events from decorations provider vscode.git 344
[2021-06-30 11:37:00.872] [exthost] [warning] [Decorations] CAPPING events from decorations provider vscode.git 343
[2021-06-30 11:37:05.933] [exthost] [warning] [Decorations] CAPPING events from decorations provider vscode.git 343
[2021-06-30 11:37:13.642] [exthost] [warning] [Decorations] CAPPING events from decorations provider vscode.git 343
[2021-06-30 11:38:37.637] [exthost] [warning] [Decorations] CAPPING events from decorations provider vscode.git 343
[2021-06-30 11:38:42.687] [exthost] [warning] [Decorations] CAPPING events from decorations provider vscode.git 343
[2021-06-30 11:38:47.735] [exthost] [warning] [Decorations] CAPPING events from decorations provider vscode.git 343
[2021-06-30 11:38:52.785] [exthost] [warning] [Decorations] CAPPING events from decorations provider vscode.git 343
[2021-06-30 11:38:57.835] [exthost] [warning] [Decorations] CAPPING events from decorations provider vscode.git 343
[2021-06-30 11:39:02.888] [exthost] [warning] [Decorations] CAPPING events from decorations provider vscode.git 343
[2021-06-30 11:39:07.940] [exthost] [warning] [Decorations] CAPPING events from decorations provider vscode.git 343
[2021-06-30 11:39:12.993] [exthost] [warning] [Decorations] CAPPING events from decorations provider vscode.git 343
[2021-06-30 11:39:19.012] [exthost] [warning] [Decorations] CAPPING events from decorations provider vscode.git 343
[2021-06-30 11:39:24.074] [exthost] [warning] [Decorations] CAPPING events from decorations provider vscode.git 343
[2021-06-30 11:39:29.131] [exthost] [warning] [Decorations] CAPPING events from decorations provider vscode.git 343
[2021-06-30 11:39:34.186] [exthost] [warning] [Decorations] CAPPING events from decorations provider vscode.git 343
[2021-06-30 11:39:39.261] [exthost] [warning] [Decorations] CAPPING events from decorations provider vscode.git 343
[2021-06-30 11:39:44.313] [exthost] [warning] [Decorations] CAPPING events from decorations provider vscode.git 343
[2021-06-30 11:39:49.356] [exthost] [warning] [Decorations] CAPPING events from decorations provider vscode.git 343
[2021-06-30 11:39:54.408] [exthost] [warning] [Decorations] CAPPING events from decorations provider vscode.git 343
[2021-06-30 11:39:59.461] [exthost] [warning] [Decorations] CAPPING events from decorations provider vscode.git 343
[2021-06-30 11:40:04.692] [exthost] [warning] [Decorations] CAPPING events from decorations provider vscode.git 343
[2021-06-30 11:40:09.748] [exthost] [warning] [Decorations] CAPPING events from decorations provider vscode.git 343
[2021-06-30 11:40:14.803] [exthost] [warning] [Decorations] CAPPING events from decorations provider vscode.git 343
[2021-06-30 11:40:25.971] [exthost] [warning] [Decorations] CAPPING events from decorations provider vscode.git 343
[2021-06-30 11:40:31.027] [exthost] [warning] [Decorations] CAPPING events from decorations provider vscode.git 343
[2021-06-30 11:40:36.077] [exthost] [warning] [Decorations] CAPPING events from decorations provider vscode.git 343
[2021-06-30 11:40:44.308] [exthost] [warning] [Decorations] CAPPING events from decorations provider vscode.git 343
[2021-06-30 11:40:49.383] [exthost] [warning] [Decorations] CAPPING events from decorations provider vscode.git 343
[2021-06-30 11:40:54.436] [exthost] [warning] [Decorations] CAPPING events from decorations provider vscode.git 343
[2021-06-30 11:40:59.996] [exthost] [warning] [Decorations] CAPPING events from decorations provider vscode.git 343
[2021-06-30 11:41:05.050] [exthost] [warning] [Decorations] CAPPING events from decorations provider vscode.git 343
[2021-06-30 11:41:10.097] [exthost] [warning] [Decorations] CAPPING events from decorations provider vscode.git 343
[2021-06-30 11:41:15.150] [exthost] [warning] [Decorations] CAPPING events from decorations provider vscode.git 343
[2021-06-30 11:41:20.205] [exthost] [warning] [Decorations] CAPPING events from decorations provider vscode.git 344
[2021-06-30 11:41:25.259] [exthost] [warning] [Decorations] CAPPING events from decorations provider vscode.git 344
[2021-06-30 11:41:30.314] [exthost] [warning] [Decorations] CAPPING events from decorations provider vscode.git 344
[2021-06-30 11:41:35.375] [exthost] [warning] [Decorations] CAPPING events from decorations provider vscode.git 344
[2021-06-30 11:41:40.436] [exthost] [warning] [Decorations] CAPPING events from decorations provider vscode.git 344
[2021-06-30 11:41:45.499] [exthost] [warning] [Decorations] CAPPING events from decorations provider vscode.git 344
[2021-06-30 11:45:37.379] [exthost] [warning] [Decorations] CAPPING events from decorations provider vscode.git 344
[2021-06-30 11:45:42.433] [exthost] [warning] [Decorations] CAPPING events from decorations provider vscode.git 344
[2021-06-30 11:45:47.484] [exthost] [warning] [Decorations] CAPPING events from decorations provider vscode.git 344
[2021-06-30 11:45:52.536] [exthost] [warning] [Decorations] CAPPING events from decorations provider vscode.git 344
[2021-06-30 11:45:57.592] [exthost] [warning] [Decorations] CAPPING events from decorations provider vscode.git 344
[2021-06-30 11:46:02.647] [exthost] [warning] [Decorations] CAPPING events from decorations provider vscode.git 344
[2021-06-30 11:46:07.700] [exthost] [warning] [Decorations] CAPPING events from decorations provider vscode.git 344
[2021-06-30 11:46:12.756] [exthost] [warning] [Decorations] CAPPING events from decorations provider vscode.git 344
[2021-06-30 11:46:17.815] [exthost] [warning] [Decorations] CAPPING events from decorations provider vscode.git 345
[2021-06-30 11:46:22.872] [exthost] [warning] [Decorations] CAPPING events from decorations provider vscode.git 345
[2021-06-30 11:46:27.928] [exthost] [warning] [Decorations] CAPPING events from decorations provider vscode.git 344
[2021-06-30 11:46:32.984] [exthost] [warning] [Decorations] CAPPING events from decorations provider vscode.git 344
[2021-06-30 11:46:38.039] [exthost] [warning] [Decorations] CAPPING events from decorations provider vscode.git 344
[2021-06-30 11:46:43.103] [exthost] [warning] [Decorations] CAPPING events from decorations provider vscode.git 344
[2021-06-30 11:46:48.162] [exthost] [warning] [Decorations] CAPPING events from decorations provider vscode.git 344
[2021-06-30 11:46:53.217] [exthost] [warning] [Decorations] CAPPING events from decorations provider vscode.git 344
[2021-06-30 11:46:58.264] [exthost] [warning] [Decorations] CAPPING events from decorations provider vscode.git 344
[2021-06-30 11:47:03.322] [exthost] [warning] [Decorations] CAPPING events from decorations provider vscode.git 344
[2021-06-30 11:47:08.382] [exthost] [warning] [Decorations] CAPPING events from decorations provider vscode.git 344
[2021-06-30 11:47:13.434] [exthost] [warning] [Decorations] CAPPING events from decorations provider vscode.git 344
[2021-06-30 11:47:18.489] [exthost] [warning] [Decorations] CAPPING events from decorations provider vscode.git 344
[2021-06-30 11:47:23.545] [exthost] [warning] [Decorations] CAPPING events from decorations provider vscode.git 344
[2021-06-30 11:47:28.599] [exthost] [warning] [Decorations] CAPPING events from decorations provider vscode.git 344
[2021-06-30 11:47:33.657] [exthost] [warning] [Decorations] CAPPING events from decorations provider vscode.git 344
[2021-06-30 11:47:38.705] [exthost] [warning] [Decorations] CAPPING events from decorations provider vscode.git 344
[2021-06-30 11:47:43.746] [exthost] [warning] [Decorations] CAPPING events from decorations provider vscode.git 344
[2021-06-30 11:47:48.793] [exthost] [warning] [Decorations] CAPPING events from decorations provider vscode.git 344
[2021-06-30 11:47:53.848] [exthost] [warning] [Decorations] CAPPING events from decorations provider vscode.git 344
[2021-06-30 11:47:58.898] [exthost] [warning] [Decorations] CAPPING events from decorations provider vscode.git 344
[2021-06-30 11:48:03.957] [exthost] [warning] [Decorations] CAPPING events from decorations provider vscode.git 344
[2021-06-30 11:48:09.022] [exthost] [warning] [Decorations] CAPPING events from decorations provider vscode.git 343
[2021-06-30 11:50:24.662] [exthost] [warning] [Decorations] CAPPING events from decorations provider vscode.git 343
[2021-06-30 11:50:32.350] [exthost] [warning] [Decorations] CAPPING events from decorations provider vscode.git 343
[2021-06-30 11:50:39.354] [exthost] [warning] [Decorations] CAPPING events from decorations provider vscode.git 343
[2021-06-30 11:50:44.850] [exthost] [warning] [Decorations] CAPPING events from decorations provider vscode.git 343
[2021-06-30 11:50:50.331] [exthost] [warning] [Decorations] CAPPING events from decorations provider vscode.git 343
[2021-06-30 11:51:05.742] [exthost] [warning] [Decorations] CAPPING events from decorations provider vscode.git 343
[2021-06-30 11:51:10.794] [exthost] [warning] [Decorations] CAPPING events from decorations provider vscode.git 343
[2021-06-30 11:51:15.838] [exthost] [warning] [Decorations] CAPPING events from decorations provider vscode.git 344
[2021-06-30 11:51:34.857] [exthost] [warning] [Decorations] CAPPING events from decorations provider vscode.git 344
[2021-06-30 11:51:39.905] [exthost] [warning] [Decorations] CAPPING events from decorations provider vscode.git 343
[2021-06-30 11:51:44.952] [exthost] [warning] [Decorations] CAPPING events from decorations provider vscode.git 344
[2021-06-30 11:51:50.006] [exthost] [warning] [Decorations] CAPPING events from decorations provider vscode.git 344
[2021-06-30 11:51:55.056] [exthost] [warning] [Decorations] CAPPING events from decorations provider vscode.git 344
[2021-06-30 11:52:00.105] [exthost] [warning] [Decorations] CAPPING events from decorations provider vscode.git 343
[2021-06-30 11:52:05.158] [exthost] [warning] [Decorations] CAPPING events from decorations provider vscode.git 343
[2021-06-30 11:52:25.304] [exthost] [warning] [Decorations] CAPPING events from decorations provider vscode.git 343
[2021-06-30 11:53:20.521] [exthost] [warning] [Decorations] CAPPING events from decorations provider vscode.git 343
[2021-06-30 11:53:32.775] [exthost] [warning] [Decorations] CAPPING events from decorations provider vscode.git 343
[2021-06-30 11:56:04.126] [exthost] [warning] [Decorations] CAPPING events from decorations provider vscode.git 343
[2021-06-30 11:56:09.191] [exthost] [warning] [Decorations] CAPPING events from decorations provider vscode.git 344
[2021-06-30 11:56:24.618] [exthost] [warning] [Decorations] CAPPING events from decorations provider vscode.git 344
[2021-06-30 11:56:29.669] [exthost] [warning] [Decorations] CAPPING events from decorations provider vscode.git 344
[2021-06-30 11:56:34.716] [exthost] [warning] [Decorations] CAPPING events from decorations provider vscode.git 344
[2021-06-30 11:56:39.772] [exthost] [warning] [Decorations] CAPPING events from decorations provider vscode.git 344
[2021-06-30 11:57:00.783] [exthost] [warning] [Decorations] CAPPING events from decorations provider vscode.git 344
[2021-06-30 11:57:05.838] [exthost] [warning] [Decorations] CAPPING events from decorations provider vscode.git 344
[2021-06-30 11:57:10.883] [exthost] [warning] [Decorations] CAPPING events from decorations provider vscode.git 344
[2021-06-30 11:57:15.936] [exthost] [warning] [Decorations] CAPPING events from decorations provider vscode.git 344
[2021-06-30 11:57:20.992] [exthost] [warning] [Decorations] CAPPING events from decorations provider vscode.git 344
[2021-06-30 11:57:49.057] [exthost] [warning] [Decorations] CAPPING events from decorations provider vscode.git 344
[2021-06-30 12:05:09.285] [exthost] [warning] [Decorations] CAPPING events from decorations provider vscode.git 343
[2021-06-30 12:05:14.352] [exthost] [warning] [Decorations] CAPPING events from decorations provider vscode.git 343
[2021-06-30 12:05:19.407] [exthost] [warning] [Decorations] CAPPING events from decorations provider vscode.git 343
[2021-06-30 12:05:24.457] [exthost] [warning] [Decorations] CAPPING events from decorations provider vscode.git 343
[2021-06-30 12:05:29.506] [exthost] [warning] [Decorations] CAPPING events from decorations provider vscode.git 343
[2021-06-30 12:05:34.777] [exthost] [warning] [Decorations] CAPPING events from decorations provider vscode.git 343
[2021-06-30 12:05:39.830] [exthost] [warning] [Decorations] CAPPING events from decorations provider vscode.git 343
[2021-06-30 12:09:10.727] [exthost] [warning] [Decorations] CAPPING events from decorations provider vscode.git 343
[2021-06-30 12:09:15.779] [exthost] [warning] [Decorations] CAPPING events from decorations provider vscode.git 343
[2021-06-30 12:09:20.833] [exthost] [warning] [Decorations] CAPPING events from decorations provider vscode.git 343
[2021-06-30 12:09:25.891] [exthost] [warning] [Decorations] CAPPING events from decorations provider vscode.git 343
[2021-06-30 12:09:30.945] [exthost] [warning] [Decorations] CAPPING events from decorations provider vscode.git 343
[2021-06-30 12:10:19.422] [exthost] [warning] [Decorations] CAPPING events from decorations provider vscode.git 343
[2021-06-30 12:10:39.784] [exthost] [warning] [Decorations] CAPPING events from decorations provider vscode.git 343
[2021-06-30 12:10:44.833] [exthost] [warning] [Decorations] CAPPING events from decorations provider vscode.git 343
[2021-06-30 12:10:49.885] [exthost] [warning] [Decorations] CAPPING events from decorations provider vscode.git 344
[2021-06-30 12:10:54.939] [exthost] [warning] [Decorations] CAPPING events from decorations provider vscode.git 344
[2021-06-30 12:11:03.300] [exthost] [warning] [Decorations] CAPPING events from decorations provider vscode.git 344
[2021-06-30 12:11:08.347] [exthost] [warning] [Decorations] CAPPING events from decorations provider vscode.git 343
[2021-06-30 12:11:13.398] [exthost] [warning] [Decorations] CAPPING events from decorations provider vscode.git 343
[2021-06-30 12:11:24.807] [exthost] [warning] [Decorations] CAPPING events from decorations provider vscode.git 343
[2021-06-30 12:11:35.206] [exthost] [warning] [Decorations] CAPPING events from decorations provider vscode.git 343
[2021-06-30 12:11:40.259] [exthost] [warning] [Decorations] CAPPING events from decorations provider vscode.git 343
[2021-06-30 12:11:45.313] [exthost] [warning] [Decorations] CAPPING events from decorations provider vscode.git 344
[2021-06-30 12:11:50.363] [exthost] [warning] [Decorations] CAPPING events from decorations provider vscode.git 344
[2021-06-30 12:11:58.000] [exthost] [warning] [Decorations] CAPPING events from decorations provider vscode.git 344
[2021-06-30 12:12:03.046] [exthost] [warning] [Decorations] CAPPING events from decorations provider vscode.git 343
[2021-06-30 12:12:08.099] [exthost] [warning] [Decorations] CAPPING events from decorations provider vscode.git 344
[2021-06-30 12:12:13.153] [exthost] [warning] [Decorations] CAPPING events from decorations provider vscode.git 344
[2021-06-30 12:12:37.920] [exthost] [warning] [Decorations] CAPPING events from decorations provider vscode.git 344
[2021-06-30 12:12:42.971] [exthost] [warning] [Decorations] CAPPING events from decorations provider vscode.git 344
[2021-06-30 12:12:51.884] [exthost] [warning] [Decorations] CAPPING events from decorations provider vscode.git 344
[2021-06-30 12:12:56.938] [exthost] [warning] [Decorations] CAPPING events from decorations provider vscode.git 343
[2021-06-30 12:13:01.990] [exthost] [warning] [Decorations] CAPPING events from decorations provider vscode.git 343
[2021-06-30 12:13:07.042] [exthost] [warning] [Decorations] CAPPING events from decorations provider vscode.git 344
[2021-06-30 12:13:22.582] [exthost] [warning] [Decorations] CAPPING events from decorations provider vscode.git 344
[2021-06-30 12:13:22.933] [exthost] [info] ExtensionService#_doActivateExtension vscode.html-language-features {"startup":false,"extensionId":{"value":"vscode.html-language-features","_lower":"vscode.html-language-features"},"activationEvent":"onLanguage:html"}
[2021-06-30 12:13:22.933] [exthost] [info] ExtensionService#loadCommonJSModule file:///snap/code/67/usr/share/code/resources/app/extensions/html-language-features/client/dist/node/htmlClientMain
[2021-06-30 12:13:27.636] [exthost] [warning] [Decorations] CAPPING events from decorations provider vscode.git 344
[2021-06-30 12:13:32.711] [exthost] [warning] [Decorations] CAPPING events from decorations provider vscode.git 344
[2021-06-30 12:13:40.684] [exthost] [warning] [Decorations] CAPPING events from decorations provider vscode.git 344
[2021-06-30 12:13:45.727] [exthost] [warning] [Decorations] CAPPING events from decorations provider vscode.git 344
[2021-06-30 12:13:50.777] [exthost] [warning] [Decorations] CAPPING events from decorations provider vscode.git 344
[2021-06-30 12:13:55.832] [exthost] [warning] [Decorations] CAPPING events from decorations provider vscode.git 344
[2021-06-30 12:14:02.686] [exthost] [warning] [Decorations] CAPPING events from decorations provider vscode.git 344
[2021-06-30 12:14:08.871] [exthost] [warning] [Decorations] CAPPING events from decorations provider vscode.git 344
[2021-06-30 12:14:13.925] [exthost] [warning] [Decorations] CAPPING events from decorations provider vscode.git 344
[2021-06-30 12:14:18.977] [exthost] [warning] [Decorations] CAPPING events from decorations provider vscode.git 344
[2021-06-30 12:14:24.029] [exthost] [warning] [Decorations] CAPPING events from decorations provider vscode.git 344
[2021-06-30 12:14:29.083] [exthost] [warning] [Decorations] CAPPING events from decorations provider vscode.git 344
[2021-06-30 12:14:34.139] [exthost] [warning] [Decorations] CAPPING events from decorations provider vscode.git 344
[2021-06-30 12:14:39.191] [exthost] [warning] [Decorations] CAPPING events from decorations provider vscode.git 344
[2021-06-30 12:14:44.245] [exthost] [warning] [Decorations] CAPPING events from decorations provider vscode.git 344
[2021-06-30 12:14:49.300] [exthost] [warning] [Decorations] CAPPING events from decorations provider vscode.git 345
[2021-06-30 12:14:54.356] [exthost] [warning] [Decorations] CAPPING events from decorations provider vscode.git 345
[2021-06-30 12:14:59.413] [exthost] [warning] [Decorations] CAPPING events from decorations provider vscode.git 345
[2021-06-30 12:15:04.471] [exthost] [warning] [Decorations] CAPPING events from decorations provider vscode.git 344
[2021-06-30 12:15:09.548] [exthost] [warning] [Decorations] CAPPING events from decorations provider vscode.git 344
[2021-06-30 12:15:14.627] [exthost] [warning] [Decorations] CAPPING events from decorations provider vscode.git 344
[2021-06-30 12:15:19.687] [exthost] [warning] [Decorations] CAPPING events from decorations provider vscode.git 344
[2021-06-30 12:15:28.575] [exthost] [warning] [Decorations] CAPPING events from decorations provider vscode.git 344
[2021-06-30 12:15:33.625] [exthost] [warning] [Decorations] CAPPING events from decorations provider vscode.git 344
[2021-06-30 12:15:38.676] [exthost] [warning] [Decorations] CAPPING events from decorations provider vscode.git 344
[2021-06-30 12:15:43.726] [exthost] [warning] [Decorations] CAPPING events from decorations provider vscode.git 344
[2021-06-30 12:15:48.778] [exthost] [warning] [Decorations] CAPPING events from decorations provider vscode.git 344
[2021-06-30 12:15:53.827] [exthost] [warning] [Decorations] CAPPING events from decorations provider vscode.git 344
[2021-06-30 12:15:58.876] [exthost] [warning] [Decorations] CAPPING events from decorations provider vscode.git 344
[2021-06-30 12:16:03.926] [exthost] [warning] [Decorations] CAPPING events from decorations provider vscode.git 344
[2021-06-30 12:16:08.980] [exthost] [warning] [Decorations] CAPPING events from decorations provider vscode.git 344
[2021-06-30 12:16:14.035] [exthost] [warning] [Decorations] CAPPING events from decorations provider vscode.git 344
[2021-06-30 12:19:09.081] [exthost] [warning] [Decorations] CAPPING events from decorations provider vscode.git 344
[2021-06-30 12:19:14.132] [exthost] [warning] [Decorations] CAPPING events from decorations provider vscode.git 345
[2021-06-30 12:19:19.186] [exthost] [warning] [Decorations] CAPPING events from decorations provider vscode.git 345
[2021-06-30 12:19:24.246] [exthost] [warning] [Decorations] CAPPING events from decorations provider vscode.git 345
[2021-06-30 12:19:29.301] [exthost] [warning] [Decorations] CAPPING events from decorations provider vscode.git 345
[2021-06-30 12:19:34.353] [exthost] [warning] [Decorations] CAPPING events from decorations provider vscode.git 345
[2021-06-30 12:19:39.410] [exthost] [warning] [Decorations] CAPPING events from decorations provider vscode.git 344
[2021-06-30 12:19:44.462] [exthost] [warning] [Decorations] CAPPING events from decorations provider vscode.git 345
[2021-06-30 12:19:49.521] [exthost] [warning] [Decorations] CAPPING events from decorations provider vscode.git 345
[2021-06-30 12:19:54.580] [exthost] [warning] [Decorations] CAPPING events from decorations provider vscode.git 344
[2021-06-30 12:20:00.318] [exthost] [warning] [Decorations] CAPPING events from decorations provider vscode.git 344
[2021-06-30 12:20:44.702] [exthost] [warning] [Decorations] CAPPING events from decorations provider vscode.git 344
[2021-06-30 12:20:49.766] [exthost] [warning] [Decorations] CAPPING events from decorations provider vscode.git 344
[2021-06-30 12:21:00.776] [exthost] [warning] [Decorations] CAPPING events from decorations provider vscode.git 344
[2021-06-30 12:21:08.022] [exthost] [warning] [Decorations] CAPPING events from decorations provider vscode.git 344
[2021-06-30 12:21:13.081] [exthost] [warning] [Decorations] CAPPING events from decorations provider vscode.git 344
[2021-06-30 12:21:18.137] [exthost] [warning] [Decorations] CAPPING events from decorations provider vscode.git 344
[2021-06-30 12:21:23.189] [exthost] [warning] [Decorations] CAPPING events from decorations provider vscode.git 344
[2021-06-30 12:21:28.245] [exthost] [warning] [Decorations] CAPPING events from decorations provider vscode.git 344
[2021-06-30 12:21:33.319] [exthost] [warning] [Decorations] CAPPING events from decorations provider vscode.git 344
[2021-06-30 12:21:38.371] [exthost] [warning] [Decorations] CAPPING events from decorations provider vscode.git 344
[2021-06-30 12:21:43.424] [exthost] [warning] [Decorations] CAPPING events from decorations provider vscode.git 344
[2021-06-30 12:21:48.483] [exthost] [warning] [Decorations] CAPPING events from decorations provider vscode.git 344
[2021-06-30 12:21:53.544] [exthost] [warning] [Decorations] CAPPING events from decorations provider vscode.git 344
[2021-06-30 12:24:29.643] [exthost] [warning] [Decorations] CAPPING events from decorations provider vscode.git 344
[2021-06-30 12:24:34.709] [exthost] [warning] [Decorations] CAPPING events from decorations provider vscode.git 344
[2021-06-30 12:24:39.757] [exthost] [warning] [Decorations] CAPPING events from decorations provider vscode.git 345
[2021-06-30 12:24:44.811] [exthost] [warning] [Decorations] CAPPING events from decorations provider vscode.git 345
[2021-06-30 12:24:49.860] [exthost] [warning] [Decorations] CAPPING events from decorations provider vscode.git 345
[2021-06-30 12:24:54.916] [exthost] [warning] [Decorations] CAPPING events from decorations provider vscode.git 345
[2021-06-30 12:24:59.980] [exthost] [warning] [Decorations] CAPPING events from decorations provider vscode.git 345
[2021-06-30 12:25:05.037] [exthost] [warning] [Decorations] CAPPING events from decorations provider vscode.git 345
[2021-06-30 12:25:10.091] [exthost] [warning] [Decorations] CAPPING events from decorations provider vscode.git 345
[2021-06-30 12:25:15.144] [exthost] [warning] [Decorations] CAPPING events from decorations provider vscode.git 345
[2021-06-30 12:25:20.196] [exthost] [warning] [Decorations] CAPPING events from decorations provider vscode.git 345
[2021-06-30 12:26:48.528] [exthost] [warning] [Decorations] CAPPING events from decorations provider vscode.git 345
[2021-06-30 12:26:53.580] [exthost] [warning] [Decorations] CAPPING events from decorations provider vscode.git 345
[2021-06-30 12:26:58.928] [exthost] [warning] [Decorations] CAPPING events from decorations provider vscode.git 345
[2021-06-30 12:27:03.979] [exthost] [warning] [Decorations] CAPPING events from decorations provider vscode.git 345
[2021-06-30 12:27:09.033] [exthost] [warning] [Decorations] CAPPING events from decorations provider vscode.git 345
[2021-06-30 12:27:14.084] [exthost] [warning] [Decorations] CAPPING events from decorations provider vscode.git 345
[2021-06-30 12:27:19.139] [exthost] [warning] [Decorations] CAPPING events from decorations provider vscode.git 345
[2021-06-30 12:27:24.192] [exthost] [warning] [Decorations] CAPPING events from decorations provider vscode.git 345
[2021-06-30 12:27:29.245] [exthost] [warning] [Decorations] CAPPING events from decorations provider vscode.git 345
[2021-06-30 12:27:34.295] [exthost] [warning] [Decorations] CAPPING events from decorations provider vscode.git 345
[2021-06-30 12:27:39.350] [exthost] [warning] [Decorations] CAPPING events from decorations provider vscode.git 345
[2021-06-30 12:27:44.404] [exthost] [warning] [Decorations] CAPPING events from decorations provider vscode.git 345
[2021-06-30 12:27:49.473] [exthost] [warning] [Decorations] CAPPING events from decorations provider vscode.git 345
[2021-06-30 12:27:54.530] [exthost] [warning] [Decorations] CAPPING events from decorations provider vscode.git 345
[2021-06-30 12:27:59.584] [exthost] [warning] [Decorations] CAPPING events from decorations provider vscode.git 345
[2021-06-30 12:28:04.634] [exthost] [warning] [Decorations] CAPPING events from decorations provider vscode.git 345
[2021-06-30 12:28:15.812] [exthost] [warning] [Decorations] CAPPING events from decorations provider vscode.git 344
[2021-06-30 12:28:32.072] [exthost] [warning] [Decorations] CAPPING events from decorations provider vscode.git 344
[2021-06-30 12:28:47.819] [exthost] [warning] [Decorations] CAPPING events from decorations provider vscode.git 345
[2021-06-30 12:28:52.877] [exthost] [warning] [Decorations] CAPPING events from decorations provider vscode.git 345
[2021-06-30 12:28:57.936] [exthost] [warning] [Decorations] CAPPING events from decorations provider vscode.git 345
[2021-06-30 12:29:02.988] [exthost] [warning] [Decorations] CAPPING events from decorations provider vscode.git 345
[2021-06-30 12:29:09.942] [exthost] [warning] [Decorations] CAPPING events from decorations provider vscode.git 345
[2021-06-30 12:29:19.639] [exthost] [warning] [Decorations] CAPPING events from decorations provider vscode.git 345
[2021-06-30 12:29:27.742] [exthost] [warning] [Decorations] CAPPING events from decorations provider vscode.git 345
[2021-06-30 12:29:32.801] [exthost] [warning] [Decorations] CAPPING events from decorations provider vscode.git 345
[2021-06-30 12:29:37.855] [exthost] [warning] [Decorations] CAPPING events from decorations provider vscode.git 345
[2021-06-30 12:29:42.908] [exthost] [warning] [Decorations] CAPPING events from decorations provider vscode.git 345
[2021-06-30 12:29:47.960] [exthost] [warning] [Decorations] CAPPING events from decorations provider vscode.git 345
[2021-06-30 12:29:53.013] [exthost] [warning] [Decorations] CAPPING events from decorations provider vscode.git 345
[2021-06-30 12:29:58.063] [exthost] [warning] [Decorations] CAPPING events from decorations provider vscode.git 345
[2021-06-30 12:30:03.119] [exthost] [warning] [Decorations] CAPPING events from decorations provider vscode.git 345
[2021-06-30 12:30:08.172] [exthost] [warning] [Decorations] CAPPING events from decorations provider vscode.git 345
[2021-06-30 12:30:13.227] [exthost] [warning] [Decorations] CAPPING events from decorations provider vscode.git 345
[2021-06-30 12:30:18.283] [exthost] [warning] [Decorations] CAPPING events from decorations provider vscode.git 345
[2021-06-30 12:30:23.335] [exthost] [warning] [Decorations] CAPPING events from decorations provider vscode.git 345
[2021-06-30 12:30:28.392] [exthost] [warning] [Decorations] CAPPING events from decorations provider vscode.git 345
[2021-06-30 12:30:33.444] [exthost] [warning] [Decorations] CAPPING events from decorations provider vscode.git 345
[2021-06-30 12:30:38.501] [exthost] [warning] [Decorations] CAPPING events from decorations provider vscode.git 345
[2021-06-30 12:30:43.560] [exthost] [warning] [Decorations] CAPPING events from decorations provider vscode.git 345
[2021-06-30 12:30:48.616] [exthost] [warning] [Decorations] CAPPING events from decorations provider vscode.git 345
[2021-06-30 12:30:53.678] [exthost] [warning] [Decorations] CAPPING events from decorations provider vscode.git 345
[2021-06-30 12:30:58.736] [exthost] [warning] [Decorations] CAPPING events from decorations provider vscode.git 345
[2021-06-30 12:31:03.796] [exthost] [warning] [Decorations] CAPPING events from decorations provider vscode.git 345
[2021-06-30 12:31:08.854] [exthost] [warning] [Decorations] CAPPING events from decorations provider vscode.git 345
[2021-06-30 12:31:13.910] [exthost] [warning] [Decorations] CAPPING events from decorations provider vscode.git 345
[2021-06-30 12:31:18.967] [exthost] [warning] [Decorations] CAPPING events from decorations provider vscode.git 345
[2021-06-30 12:31:24.026] [exthost] [warning] [Decorations] CAPPING events from decorations provider vscode.git 345
[2021-06-30 12:31:29.082] [exthost] [warning] [Decorations] CAPPING events from decorations provider vscode.git 345
[2021-06-30 12:31:34.133] [exthost] [warning] [Decorations] CAPPING events from decorations provider vscode.git 345
[2021-06-30 12:31:39.191] [exthost] [warning] [Decorations] CAPPING events from decorations provider vscode.git 345
[2021-06-30 12:31:44.250] [exthost] [warning] [Decorations] CAPPING events from decorations provider vscode.git 345
[2021-06-30 12:31:49.306] [exthost] [warning] [Decorations] CAPPING events from decorations provider vscode.git 345
[2021-06-30 12:31:54.362] [exthost] [warning] [Decorations] CAPPING events from decorations provider vscode.git 345
[2021-06-30 12:31:59.422] [exthost] [warning] [Decorations] CAPPING events from decorations provider vscode.git 345
[2021-06-30 12:32:04.484] [exthost] [warning] [Decorations] CAPPING events from decorations provider vscode.git 345
[2021-06-30 12:32:09.537] [exthost] [warning] [Decorations] CAPPING events from decorations provider vscode.git 345
[2021-06-30 12:32:14.594] [exthost] [warning] [Decorations] CAPPING events from decorations provider vscode.git 345
[2021-06-30 12:32:19.648] [exthost] [warning] [Decorations] CAPPING events from decorations provider vscode.git 345
[2021-06-30 12:32:24.702] [exthost] [warning] [Decorations] CAPPING events from decorations provider vscode.git 345
[2021-06-30 12:32:29.762] [exthost] [warning] [Decorations] CAPPING events from decorations provider vscode.git 345
[2021-06-30 12:32:34.815] [exthost] [warning] [Decorations] CAPPING events from decorations provider vscode.git 345
[2021-06-30 12:32:39.867] [exthost] [warning] [Decorations] CAPPING events from decorations provider vscode.git 345
[2021-06-30 12:32:44.921] [exthost] [warning] [Decorations] CAPPING events from decorations provider vscode.git 345
[2021-06-30 12:32:49.979] [exthost] [warning] [Decorations] CAPPING events from decorations provider vscode.git 345
[2021-06-30 12:33:03.330] [exthost] [warning] [Decorations] CAPPING events from decorations provider vscode.git 344
[2021-06-30 12:33:08.391] [exthost] [warning] [Decorations] CAPPING events from decorations provider vscode.git 344
[2021-06-30 12:33:13.446] [exthost] [warning] [Decorations] CAPPING events from decorations provider vscode.git 345
[2021-06-30 12:33:18.499] [exthost] [warning] [Decorations] CAPPING events from decorations provider vscode.git 345
[2021-06-30 12:33:23.560] [exthost] [warning] [Decorations] CAPPING events from decorations provider vscode.git 345
[2021-06-30 12:33:28.612] [exthost] [warning] [Decorations] CAPPING events from decorations provider vscode.git 344
[2021-06-30 12:33:33.669] [exthost] [warning] [Decorations] CAPPING events from decorations provider vscode.git 345
[2021-06-30 12:34:00.860] [exthost] [warning] [Decorations] CAPPING events from decorations provider vscode.git 345
[2021-06-30 12:34:05.916] [exthost] [warning] [Decorations] CAPPING events from decorations provider vscode.git 344
[2021-06-30 12:34:10.971] [exthost] [warning] [Decorations] CAPPING events from decorations provider vscode.git 344
[2021-06-30 12:34:16.022] [exthost] [warning] [Decorations] CAPPING events from decorations provider vscode.git 344
[2021-06-30 12:34:21.074] [exthost] [warning] [Decorations] CAPPING events from decorations provider vscode.git 344
[2021-06-30 12:34:26.129] [exthost] [warning] [Decorations] CAPPING events from decorations provider vscode.git 344
[2021-06-30 12:34:31.179] [exthost] [warning] [Decorations] CAPPING events from decorations provider vscode.git 344
[2021-06-30 12:34:36.236] [exthost] [warning] [Decorations] CAPPING events from decorations provider vscode.git 344
[2021-06-30 12:34:41.293] [exthost] [warning] [Decorations] CAPPING events from decorations provider vscode.git 344
[2021-06-30 12:34:46.349] [exthost] [warning] [Decorations] CAPPING events from decorations provider vscode.git 344
[2021-06-30 12:34:51.409] [exthost] [warning] [Decorations] CAPPING events from decorations provider vscode.git 345
[2021-06-30 12:34:56.463] [exthost] [warning] [Decorations] CAPPING events from decorations provider vscode.git 345
[2021-06-30 12:35:01.517] [exthost] [warning] [Decorations] CAPPING events from decorations provider vscode.git 345
[2021-06-30 12:35:06.573] [exthost] [warning] [Decorations] CAPPING events from decorations provider vscode.git 345
[2021-06-30 12:35:11.641] [exthost] [warning] [Decorations] CAPPING events from decorations provider vscode.git 345
[2021-06-30 12:35:44.964] [exthost] [warning] [Decorations] CAPPING events from decorations provider vscode.git 344
[2021-06-30 12:35:50.032] [exthost] [warning] [Decorations] CAPPING events from decorations provider vscode.git 344
[2021-06-30 12:35:55.086] [exthost] [warning] [Decorations] CAPPING events from decorations provider vscode.git 344
[2021-06-30 12:36:00.139] [exthost] [warning] [Decorations] CAPPING events from decorations provider vscode.git 344
[2021-06-30 12:36:05.191] [exthost] [warning] [Decorations] CAPPING events from decorations provider vscode.git 345
[2021-06-30 12:36:12.594] [exthost] [warning] [Decorations] CAPPING events from decorations provider vscode.git 345
[2021-06-30 12:36:17.652] [exthost] [warning] [Decorations] CAPPING events from decorations provider vscode.git 344
[2021-06-30 12:36:22.706] [exthost] [warning] [Decorations] CAPPING events from decorations provider vscode.git 344
[2021-06-30 12:36:27.756] [exthost] [warning] [Decorations] CAPPING events from decorations provider vscode.git 344
[2021-06-30 12:36:32.808] [exthost] [warning] [Decorations] CAPPING events from decorations provider vscode.git 344
[2021-06-30 12:36:39.587] [exthost] [warning] [Decorations] CAPPING events from decorations provider vscode.git 344
[2021-06-30 12:36:44.646] [exthost] [warning] [Decorations] CAPPING events from decorations provider vscode.git 344
[2021-06-30 12:36:49.696] [exthost] [warning] [Decorations] CAPPING events from decorations provider vscode.git 344
[2021-06-30 12:36:54.750] [exthost] [warning] [Decorations] CAPPING events from decorations provider vscode.git 344
[2021-06-30 12:36:59.807] [exthost] [warning] [Decorations] CAPPING events from decorations provider vscode.git 344
[2021-06-30 12:37:04.865] [exthost] [warning] [Decorations] CAPPING events from decorations provider vscode.git 345
[2021-06-30 12:37:09.911] [exthost] [warning] [Decorations] CAPPING events from decorations provider vscode.git 345
[2021-06-30 12:37:14.971] [exthost] [warning] [Decorations] CAPPING events from decorations provider vscode.git 345
[2021-06-30 12:37:20.024] [exthost] [warning] [Decorations] CAPPING events from decorations provider vscode.git 345
[2021-06-30 12:37:25.083] [exthost] [warning] [Decorations] CAPPING events from decorations provider vscode.git 344
[2021-06-30 12:37:30.138] [exthost] [warning] [Decorations] CAPPING events from decorations provider vscode.git 344
[2021-06-30 12:37:35.191] [exthost] [warning] [Decorations] CAPPING events from decorations provider vscode.git 344
[2021-06-30 12:37:40.245] [exthost] [warning] [Decorations] CAPPING events from decorations provider vscode.git 344
[2021-06-30 12:38:23.165] [exthost] [warning] [Decorations] CAPPING events from decorations provider vscode.git 345
[2021-06-30 12:38:28.219] [exthost] [warning] [Decorations] CAPPING events from decorations provider vscode.git 345
[2021-06-30 12:38:59.613] [exthost] [warning] [Decorations] CAPPING events from decorations provider vscode.git 345
[2021-06-30 12:39:04.672] [exthost] [warning] [Decorations] CAPPING events from decorations provider vscode.git 344
[2021-06-30 12:39:09.763] [exthost] [warning] [Decorations] CAPPING events from decorations provider vscode.git 345
[2021-06-30 12:39:14.815] [exthost] [warning] [Decorations] CAPPING events from decorations provider vscode.git 345
[2021-06-30 12:39:19.865] [exthost] [warning] [Decorations] CAPPING events from decorations provider vscode.git 345
[2021-06-30 12:39:24.921] [exthost] [warning] [Decorations] CAPPING events from decorations provider vscode.git 345
[2021-06-30 12:39:29.975] [exthost] [warning] [Decorations] CAPPING events from decorations provider vscode.git 345
[2021-06-30 12:39:35.034] [exthost] [warning] [Decorations] CAPPING events from decorations provider vscode.git 345
[2021-06-30 12:39:40.094] [exthost] [warning] [Decorations] CAPPING events from decorations provider vscode.git 345
[2021-06-30 12:39:45.153] [exthost] [warning] [Decorations] CAPPING events from decorations provider vscode.git 345
[2021-06-30 12:39:50.199] [exthost] [warning] [Decorations] CAPPING events from decorations provider vscode.git 345
[2021-06-30 12:39:55.248] [exthost] [warning] [Decorations] CAPPING events from decorations provider vscode.git 345
[2021-06-30 12:40:00.298] [exthost] [warning] [Decorations] CAPPING events from decorations provider vscode.git 345
[2021-06-30 12:40:05.390] [exthost] [warning] [Decorations] CAPPING events from decorations provider vscode.git 345
[2021-06-30 12:40:10.445] [exthost] [warning] [Decorations] CAPPING events from decorations provider vscode.git 345
[2021-06-30 12:40:24.402] [exthost] [warning] [Decorations] CAPPING events from decorations provider vscode.git 346
[2021-06-30 12:40:37.305] [exthost] [warning] [Decorations] CAPPING events from decorations provider vscode.git 346
[2021-06-30 12:40:42.354] [exthost] [warning] [Decorations] CAPPING events from decorations provider vscode.git 345
[2021-06-30 12:40:49.672] [exthost] [warning] [Decorations] CAPPING events from decorations provider vscode.git 345
[2021-06-30 12:41:00.520] [exthost] [warning] [Decorations] CAPPING events from decorations provider vscode.git 345
[2021-06-30 12:41:05.590] [exthost] [warning] [Decorations] CAPPING events from decorations provider vscode.git 345
[2021-06-30 12:41:10.646] [exthost] [warning] [Decorations] CAPPING events from decorations provider vscode.git 345
[2021-06-30 12:41:15.699] [exthost] [warning] [Decorations] CAPPING events from decorations provider vscode.git 345
[2021-06-30 12:41:20.750] [exthost] [warning] [Decorations] CAPPING events from decorations provider vscode.git 345
[2021-06-30 12:41:25.800] [exthost] [warning] [Decorations] CAPPING events from decorations provider vscode.git 345
[2021-06-30 12:41:30.856] [exthost] [warning] [Decorations] CAPPING events from decorations provider vscode.git 345
[2021-06-30 12:41:35.908] [exthost] [warning] [Decorations] CAPPING events from decorations provider vscode.git 345
[2021-06-30 12:41:40.964] [exthost] [warning] [Decorations] CAPPING events from decorations provider vscode.git 345
[2021-06-30 12:41:47.532] [exthost] [warning] [Decorations] CAPPING events from decorations provider vscode.git 345
[2021-06-30 12:42:11.033] [exthost] [warning] [Decorations] CAPPING events from decorations provider vscode.git 344
[2021-06-30 12:42:16.084] [exthost] [warning] [Decorations] CAPPING events from decorations provider vscode.git 344
[2021-06-30 12:42:59.338] [exthost] [warning] [Decorations] CAPPING events from decorations provider vscode.git 344
[2021-06-30 12:43:04.394] [exthost] [warning] [Decorations] CAPPING events from decorations provider vscode.git 344
[2021-06-30 12:43:19.159] [exthost] [warning] [Decorations] CAPPING events from decorations provider vscode.git 344
[2021-06-30 12:43:24.218] [exthost] [warning] [Decorations] CAPPING events from decorations provider vscode.git 344
[2021-06-30 12:43:29.271] [exthost] [warning] [Decorations] CAPPING events from decorations provider vscode.git 344
[2021-06-30 12:43:34.327] [exthost] [warning] [Decorations] CAPPING events from decorations provider vscode.git 344
[2021-06-30 12:43:39.384] [exthost] [warning] [Decorations] CAPPING events from decorations provider vscode.git 344
[2021-06-30 12:43:44.438] [exthost] [warning] [Decorations] CAPPING events from decorations provider vscode.git 344
[2021-06-30 12:43:49.494] [exthost] [warning] [Decorations] CAPPING events from decorations provider vscode.git 344
[2021-06-30 12:43:54.564] [exthost] [warning] [Decorations] CAPPING events from decorations provider vscode.git 344
[2021-06-30 12:43:59.633] [exthost] [warning] [Decorations] CAPPING events from decorations provider vscode.git 345
[2021-06-30 12:44:18.718] [exthost] [warning] [Decorations] CAPPING events from decorations provider vscode.git 345
[2021-06-30 12:44:23.771] [exthost] [warning] [Decorations] CAPPING events from decorations provider vscode.git 344
[2021-06-30 12:44:28.821] [exthost] [warning] [Decorations] CAPPING events from decorations provider vscode.git 345
[2021-06-30 12:44:33.874] [exthost] [warning] [Decorations] CAPPING events from decorations provider vscode.git 345
[2021-06-30 12:44:38.927] [exthost] [warning] [Decorations] CAPPING events from decorations provider vscode.git 345
[2021-06-30 12:44:43.980] [exthost] [warning] [Decorations] CAPPING events from decorations provider vscode.git 345
[2021-06-30 12:44:49.030] [exthost] [warning] [Decorations] CAPPING events from decorations provider vscode.git 345
[2021-06-30 12:44:54.082] [exthost] [warning] [Decorations] CAPPING events from decorations provider vscode.git 345
[2021-06-30 12:44:59.136] [exthost] [warning] [Decorations] CAPPING events from decorations provider vscode.git 345
[2021-06-30 12:45:04.186] [exthost] [warning] [Decorations] CAPPING events from decorations provider vscode.git 345
[2021-06-30 12:45:09.238] [exthost] [warning] [Decorations] CAPPING events from decorations provider vscode.git 345
[2021-06-30 12:45:14.355] [exthost] [warning] [Decorations] CAPPING events from decorations provider vscode.git 345
[2021-06-30 12:45:23.221] [exthost] [warning] [Decorations] CAPPING events from decorations provider vscode.git 345
[2021-06-30 12:45:28.299] [exthost] [warning] [Decorations] CAPPING events from decorations provider vscode.git 344
[2021-06-30 12:45:33.348] [exthost] [warning] [Decorations] CAPPING events from decorations provider vscode.git 344
[2021-06-30 12:45:38.391] [exthost] [warning] [Decorations] CAPPING events from decorations provider vscode.git 344
[2021-06-30 12:45:43.449] [exthost] [warning] [Decorations] CAPPING events from decorations provider vscode.git 344
[2021-06-30 12:45:48.538] [exthost] [warning] [Decorations] CAPPING events from decorations provider vscode.git 344
[2021-06-30 12:45:53.590] [exthost] [warning] [Decorations] CAPPING events from decorations provider vscode.git 344
[2021-06-30 12:45:58.643] [exthost] [warning] [Decorations] CAPPING events from decorations provider vscode.git 344
[2021-06-30 12:46:03.688] [exthost] [warning] [Decorations] CAPPING events from decorations provider vscode.git 344
[2021-06-30 12:46:08.740] [exthost] [warning] [Decorations] CAPPING events from decorations provider vscode.git 344
[2021-06-30 12:46:13.788] [exthost] [warning] [Decorations] CAPPING events from decorations provider vscode.git 345
[2021-06-30 12:46:18.836] [exthost] [warning] [Decorations] CAPPING events from decorations provider vscode.git 345
[2021-06-30 12:46:23.886] [exthost] [warning] [Decorations] CAPPING events from decorations provider vscode.git 345
[2021-06-30 12:46:28.934] [exthost] [warning] [Decorations] CAPPING events from decorations provider vscode.git 345
[2021-06-30 12:46:33.983] [exthost] [warning] [Decorations] CAPPING events from decorations provider vscode.git 345
[2021-06-30 12:46:39.041] [exthost] [warning] [Decorations] CAPPING events from decorations provider vscode.git 345
[2021-06-30 12:46:44.111] [exthost] [warning] [Decorations] CAPPING events from decorations provider vscode.git 344
[2021-06-30 12:46:49.165] [exthost] [warning] [Decorations] CAPPING events from decorations provider vscode.git 345
[2021-06-30 12:46:54.272] [exthost] [warning] [Decorations] CAPPING events from decorations provider vscode.git 345
[2021-06-30 12:46:59.324] [exthost] [warning] [Decorations] CAPPING events from decorations provider vscode.git 345
[2021-06-30 12:47:04.380] [exthost] [warning] [Decorations] CAPPING events from decorations provider vscode.git 345
[2021-06-30 12:47:09.438] [exthost] [warning] [Decorations] CAPPING events from decorations provider vscode.git 345
[2021-06-30 12:47:21.978] [exthost] [warning] [Decorations] CAPPING events from decorations provider vscode.git 345
[2021-06-30 12:47:54.254] [exthost] [warning] [Decorations] CAPPING events from decorations provider vscode.git 344
[2021-06-30 12:47:59.320] [exthost] [warning] [Decorations] CAPPING events from decorations provider vscode.git 344
[2021-06-30 12:48:04.378] [exthost] [warning] [Decorations] CAPPING events from decorations provider vscode.git 344
[2021-06-30 12:48:09.432] [exthost] [warning] [Decorations] CAPPING events from decorations provider vscode.git 344
[2021-06-30 12:48:14.488] [exthost] [warning] [Decorations] CAPPING events from decorations provider vscode.git 345
[2021-06-30 12:48:23.535] [exthost] [warning] [Decorations] CAPPING events from decorations provider vscode.git 345
[2021-06-30 12:48:28.585] [exthost] [warning] [Decorations] CAPPING events from decorations provider vscode.git 344
[2021-06-30 12:48:33.630] [exthost] [warning] [Decorations] CAPPING events from decorations provider vscode.git 344
[2021-06-30 12:48:38.736] [exthost] [warning] [Decorations] CAPPING events from decorations provider vscode.git 344
[2021-06-30 12:48:43.789] [exthost] [warning] [Decorations] CAPPING events from decorations provider vscode.git 344
[2021-06-30 12:48:57.288] [exthost] [warning] [Decorations] CAPPING events from decorations provider vscode.git 344
[2021-06-30 12:49:02.346] [exthost] [warning] [Decorations] CAPPING events from decorations provider vscode.git 344
[2021-06-30 12:49:11.826] [exthost] [warning] [Decorations] CAPPING events from decorations provider vscode.git 344
[2021-06-30 12:49:16.884] [exthost] [warning] [Decorations] CAPPING events from decorations provider vscode.git 345
[2021-06-30 12:49:21.938] [exthost] [warning] [Decorations] CAPPING events from decorations provider vscode.git 345
[2021-06-30 12:49:26.994] [exthost] [warning] [Decorations] CAPPING events from decorations provider vscode.git 345
[2021-06-30 12:49:32.047] [exthost] [warning] [Decorations] CAPPING events from decorations provider vscode.git 345
[2021-06-30 12:49:37.093] [exthost] [warning] [Decorations] CAPPING events from decorations provider vscode.git 345
[2021-06-30 12:49:42.151] [exthost] [warning] [Decorations] CAPPING events from decorations provider vscode.git 345
[2021-06-30 12:49:47.198] [exthost] [warning] [Decorations] CAPPING events from decorations provider vscode.git 345
[2021-06-30 12:49:52.251] [exthost] [warning] [Decorations] CAPPING events from decorations provider vscode.git 345
[2021-06-30 12:50:05.181] [exthost] [warning] [Decorations] CAPPING events from decorations provider vscode.git 344
[2021-06-30 12:50:10.236] [exthost] [warning] [Decorations] CAPPING events from decorations provider vscode.git 344
[2021-06-30 12:50:20.456] [exthost] [warning] [Decorations] CAPPING events from decorations provider vscode.git 344
[2021-06-30 12:50:25.510] [exthost] [warning] [Decorations] CAPPING events from decorations provider vscode.git 344
[2021-06-30 12:50:30.568] [exthost] [warning] [Decorations] CAPPING events from decorations provider vscode.git 344
[2021-06-30 12:50:35.624] [exthost] [warning] [Decorations] CAPPING events from decorations provider vscode.git 344
[2021-06-30 12:50:40.676] [exthost] [warning] [Decorations] CAPPING events from decorations provider vscode.git 344
[2021-06-30 12:50:45.719] [exthost] [warning] [Decorations] CAPPING events from decorations provider vscode.git 344
[2021-06-30 12:50:50.770] [exthost] [warning] [Decorations] CAPPING events from decorations provider vscode.git 344
[2021-06-30 12:50:55.825] [exthost] [warning] [Decorations] CAPPING events from decorations provider vscode.git 344
[2021-06-30 12:51:00.884] [exthost] [warning] [Decorations] CAPPING events from decorations provider vscode.git 344
[2021-06-30 12:51:05.934] [exthost] [warning] [Decorations] CAPPING events from decorations provider vscode.git 345
[2021-06-30 12:51:10.999] [exthost] [warning] [Decorations] CAPPING events from decorations provider vscode.git 345
[2021-06-30 12:51:16.051] [exthost] [warning] [Decorations] CAPPING events from decorations provider vscode.git 344
[2021-06-30 12:51:21.101] [exthost] [warning] [Decorations] CAPPING events from decorations provider vscode.git 345
[2021-06-30 12:51:26.148] [exthost] [warning] [Decorations] CAPPING events from decorations provider vscode.git 345
[2021-06-30 12:51:31.206] [exthost] [warning] [Decorations] CAPPING events from decorations provider vscode.git 345
[2021-06-30 12:51:36.264] [exthost] [warning] [Decorations] CAPPING events from decorations provider vscode.git 345
[2021-06-30 12:51:41.322] [exthost] [warning] [Decorations] CAPPING events from decorations provider vscode.git 345
[2021-06-30 12:51:46.379] [exthost] [warning] [Decorations] CAPPING events from decorations provider vscode.git 345
[2021-06-30 12:51:51.433] [exthost] [warning] [Decorations] CAPPING events from decorations provider vscode.git 345
[2021-06-30 12:51:56.487] [exthost] [warning] [Decorations] CAPPING events from decorations provider vscode.git 345
[2021-06-30 12:52:01.547] [exthost] [warning] [Decorations] CAPPING events from decorations provider vscode.git 345
[2021-06-30 12:52:08.356] [exthost] [warning] [Decorations] CAPPING events from decorations provider vscode.git 344
[2021-06-30 12:52:26.941] [exthost] [warning] [Decorations] CAPPING events from decorations provider vscode.git 344
[2021-06-30 12:52:33.182] [exthost] [warning] [Decorations] CAPPING events from decorations provider vscode.git 344
[2021-06-30 12:52:38.237] [exthost] [warning] [Decorations] CAPPING events from decorations provider vscode.git 345
[2021-06-30 12:52:43.297] [exthost] [warning] [Decorations] CAPPING events from decorations provider vscode.git 345
[2021-06-30 12:52:48.357] [exthost] [warning] [Decorations] CAPPING events from decorations provider vscode.git 345
[2021-06-30 12:52:53.405] [exthost] [warning] [Decorations] CAPPING events from decorations provider vscode.git 345
[2021-06-30 12:52:58.452] [exthost] [warning] [Decorations] CAPPING events from decorations provider vscode.git 344
[2021-06-30 12:53:03.510] [exthost] [warning] [Decorations] CAPPING events from decorations provider vscode.git 344
[2021-06-30 12:53:08.556] [exthost] [warning] [Decorations] CAPPING events from decorations provider vscode.git 344
[2021-06-30 12:53:13.612] [exthost] [warning] [Decorations] CAPPING events from decorations provider vscode.git 344
[2021-06-30 12:53:18.667] [exthost] [warning] [Decorations] CAPPING events from decorations provider vscode.git 344
[2021-06-30 12:53:23.729] [exthost] [warning] [Decorations] CAPPING events from decorations provider vscode.git 344
[2021-06-30 12:53:28.784] [exthost] [warning] [Decorations] CAPPING events from decorations provider vscode.git 344
[2021-06-30 12:53:33.832] [exthost] [warning] [Decorations] CAPPING events from decorations provider vscode.git 344
[2021-06-30 12:53:38.885] [exthost] [warning] [Decorations] CAPPING events from decorations provider vscode.git 344
[2021-06-30 12:53:43.943] [exthost] [warning] [Decorations] CAPPING events from decorations provider vscode.git 344
[2021-06-30 12:53:49.003] [exthost] [warning] [Decorations] CAPPING events from decorations provider vscode.git 344
[2021-06-30 12:53:54.061] [exthost] [warning] [Decorations] CAPPING events from decorations provider vscode.git 344
[2021-06-30 12:53:59.117] [exthost] [warning] [Decorations] CAPPING events from decorations provider vscode.git 344
[2021-06-30 12:54:04.172] [exthost] [warning] [Decorations] CAPPING events from decorations provider vscode.git 344
[2021-06-30 12:54:09.220] [exthost] [warning] [Decorations] CAPPING events from decorations provider vscode.git 345
[2021-06-30 12:54:14.352] [exthost] [warning] [Decorations] CAPPING events from decorations provider vscode.git 345
[2021-06-30 12:54:21.188] [exthost] [warning] [Decorations] CAPPING events from decorations provider vscode.git 344
[2021-06-30 12:54:26.243] [exthost] [warning] [Decorations] CAPPING events from decorations provider vscode.git 344
[2021-06-30 12:54:31.290] [exthost] [warning] [Decorations] CAPPING events from decorations provider vscode.git 345
[2021-06-30 12:54:36.345] [exthost] [warning] [Decorations] CAPPING events from decorations provider vscode.git 345
[2021-06-30 12:54:41.395] [exthost] [warning] [Decorations] CAPPING events from decorations provider vscode.git 344
[2021-06-30 12:54:54.353] [exthost] [warning] [Decorations] CAPPING events from decorations provider vscode.git 344
[2021-06-30 12:54:59.407] [exthost] [warning] [Decorations] CAPPING events from decorations provider vscode.git 344
[2021-06-30 12:56:33.894] [exthost] [warning] [Decorations] CAPPING events from decorations provider vscode.git 344
[2021-06-30 12:57:14.338] [exthost] [warning] [Decorations] CAPPING events from decorations provider vscode.git 344
[2021-06-30 12:57:19.384] [exthost] [warning] [Decorations] CAPPING events from decorations provider vscode.git 344
[2021-06-30 12:57:24.436] [exthost] [warning] [Decorations] CAPPING events from decorations provider vscode.git 344
[2021-06-30 12:57:39.233] [exthost] [warning] [Decorations] CAPPING events from decorations provider vscode.git 344
[2021-06-30 12:57:44.284] [exthost] [warning] [Decorations] CAPPING events from decorations provider vscode.git 344
[2021-06-30 12:57:49.339] [exthost] [warning] [Decorations] CAPPING events from decorations provider vscode.git 344
[2021-06-30 12:57:54.388] [exthost] [warning] [Decorations] CAPPING events from decorations provider vscode.git 345
[2021-06-30 12:58:08.043] [exthost] [warning] [Decorations] CAPPING events from decorations provider vscode.git 345
[2021-06-30 12:58:13.098] [exthost] [warning] [Decorations] CAPPING events from decorations provider vscode.git 344
[2021-06-30 12:58:21.928] [exthost] [warning] [Decorations] CAPPING events from decorations provider vscode.git 344
[2021-06-30 12:58:59.663] [exthost] [warning] [Decorations] CAPPING events from decorations provider vscode.git 344
[2021-06-30 12:59:04.711] [exthost] [warning] [Decorations] CAPPING events from decorations provider vscode.git 345
[2021-06-30 12:59:12.628] [exthost] [warning] [Decorations] CAPPING events from decorations provider vscode.git 345
[2021-06-30 12:59:17.677] [exthost] [warning] [Decorations] CAPPING events from decorations provider vscode.git 345
[2021-06-30 12:59:22.748] [exthost] [warning] [Decorations] CAPPING events from decorations provider vscode.git 346
[2021-06-30 12:59:27.796] [exthost] [warning] [Decorations] CAPPING events from decorations provider vscode.git 346
[2021-06-30 12:59:37.109] [exthost] [warning] [Decorations] CAPPING events from decorations provider vscode.git 345
[2021-06-30 12:59:42.172] [exthost] [warning] [Decorations] CAPPING events from decorations provider vscode.git 344
[2021-06-30 12:59:47.548] [exthost] [warning] [Decorations] CAPPING events from decorations provider vscode.git 344
[2021-06-30 12:59:52.599] [exthost] [warning] [Decorations] CAPPING events from decorations provider vscode.git 345
[2021-06-30 13:00:03.269] [exthost] [warning] [Decorations] CAPPING events from decorations provider vscode.git 345
[2021-06-30 13:00:08.314] [exthost] [warning] [Decorations] CAPPING events from decorations provider vscode.git 344
[2021-06-30 13:00:13.365] [exthost] [warning] [Decorations] CAPPING events from decorations provider vscode.git 345
[2021-06-30 13:00:18.418] [exthost] [warning] [Decorations] CAPPING events from decorations provider vscode.git 345
[2021-06-30 13:00:23.465] [exthost] [warning] [Decorations] CAPPING events from decorations provider vscode.git 345
[2021-06-30 13:00:28.517] [exthost] [warning] [Decorations] CAPPING events from decorations provider vscode.git 345
[2021-06-30 13:00:55.831] [exthost] [warning] [Decorations] CAPPING events from decorations provider vscode.git 345
[2021-06-30 13:01:00.883] [exthost] [warning] [Decorations] CAPPING events from decorations provider vscode.git 345
[2021-06-30 13:01:06.021] [exthost] [warning] [Decorations] CAPPING events from decorations provider vscode.git 345
[2021-06-30 13:01:11.080] [exthost] [warning] [Decorations] CAPPING events from decorations provider vscode.git 345
[2021-06-30 13:01:19.454] [exthost] [warning] [Decorations] CAPPING events from decorations provider vscode.git 344
[2021-06-30 13:01:24.516] [exthost] [warning] [Decorations] CAPPING events from decorations provider vscode.git 344
[2021-06-30 13:01:29.574] [exthost] [warning] [Decorations] CAPPING events from decorations provider vscode.git 344
[2021-06-30 13:01:34.642] [exthost] [warning] [Decorations] CAPPING events from decorations provider vscode.git 344
[2021-06-30 13:01:39.697] [exthost] [warning] [Decorations] CAPPING events from decorations provider vscode.git 344
[2021-06-30 13:01:44.753] [exthost] [warning] [Decorations] CAPPING events from decorations provider vscode.git 344
[2021-06-30 13:01:49.808] [exthost] [warning] [Decorations] CAPPING events from decorations provider vscode.git 344
[2021-06-30 13:01:54.863] [exthost] [warning] [Decorations] CAPPING events from decorations provider vscode.git 344
[2021-06-30 13:01:59.912] [exthost] [warning] [Decorations] CAPPING events from decorations provider vscode.git 344
[2021-06-30 13:02:04.964] [exthost] [warning] [Decorations] CAPPING events from decorations provider vscode.git 344
[2021-06-30 13:02:10.030] [exthost] [warning] [Decorations] CAPPING events from decorations provider vscode.git 344
[2021-06-30 13:02:15.088] [exthost] [warning] [Decorations] CAPPING events from decorations provider vscode.git 344
[2021-06-30 13:02:20.137] [exthost] [warning] [Decorations] CAPPING events from decorations provider vscode.git 344
[2021-06-30 13:02:25.194] [exthost] [warning] [Decorations] CAPPING events from decorations provider vscode.git 345
[2021-06-30 13:02:30.240] [exthost] [warning] [Decorations] CAPPING events from decorations provider vscode.git 345
[2021-06-30 13:02:35.294] [exthost] [warning] [Decorations] CAPPING events from decorations provider vscode.git 344
[2021-06-30 13:02:40.351] [exthost] [warning] [Decorations] CAPPING events from decorations provider vscode.git 344
[2021-06-30 13:02:45.396] [exthost] [warning] [Decorations] CAPPING events from decorations provider vscode.git 345
[2021-06-30 13:02:50.468] [exthost] [warning] [Decorations] CAPPING events from decorations provider vscode.git 345
[2021-06-30 13:03:04.337] [exthost] [warning] [Decorations] CAPPING events from decorations provider vscode.git 344
[2021-06-30 13:03:09.383] [exthost] [warning] [Decorations] CAPPING events from decorations provider vscode.git 345
[2021-06-30 13:03:25.917] [exthost] [warning] [Decorations] CAPPING events from decorations provider vscode.git 345
[2021-06-30 13:03:30.971] [exthost] [warning] [Decorations] CAPPING events from decorations provider vscode.git 344
[2021-06-30 13:03:36.025] [exthost] [warning] [Decorations] CAPPING events from decorations provider vscode.git 344
[2021-06-30 13:03:41.085] [exthost] [warning] [Decorations] CAPPING events from decorations provider vscode.git 344
[2021-06-30 13:03:46.134] [exthost] [warning] [Decorations] CAPPING events from decorations provider vscode.git 344
[2021-06-30 13:03:51.190] [exthost] [warning] [Decorations] CAPPING events from decorations provider vscode.git 344
[2021-06-30 13:03:56.240] [exthost] [warning] [Decorations] CAPPING events from decorations provider vscode.git 344
[2021-06-30 13:04:01.295] [exthost] [warning] [Decorations] CAPPING events from decorations provider vscode.git 344
[2021-06-30 13:04:06.352] [exthost] [warning] [Decorations] CAPPING events from decorations provider vscode.git 344
[2021-06-30 13:04:11.403] [exthost] [warning] [Decorations] CAPPING events from decorations provider vscode.git 345
[2021-06-30 13:04:20.686] [exthost] [warning] [Decorations] CAPPING events from decorations provider vscode.git 345
[2021-06-30 13:04:25.742] [exthost] [warning] [Decorations] CAPPING events from decorations provider vscode.git 345
[2021-06-30 13:04:30.792] [exthost] [warning] [Decorations] CAPPING events from decorations provider vscode.git 345
[2021-06-30 13:04:39.838] [exthost] [warning] [Decorations] CAPPING events from decorations provider vscode.git 345
[2021-06-30 13:04:44.892] [exthost] [warning] [Decorations] CAPPING events from decorations provider vscode.git 344
[2021-06-30 13:04:49.949] [exthost] [warning] [Decorations] CAPPING events from decorations provider vscode.git 344
[2021-06-30 13:04:55.007] [exthost] [warning] [Decorations] CAPPING events from decorations provider vscode.git 344
[2021-06-30 13:05:00.059] [exthost] [warning] [Decorations] CAPPING events from decorations provider vscode.git 344
[2021-06-30 13:05:05.305] [exthost] [warning] [Decorations] CAPPING events from decorations provider vscode.git 344
[2021-06-30 13:05:10.362] [exthost] [warning] [Decorations] CAPPING events from decorations provider vscode.git 344
[2021-06-30 13:05:15.409] [exthost] [warning] [Decorations] CAPPING events from decorations provider vscode.git 344
[2021-06-30 13:05:20.462] [exthost] [warning] [Decorations] CAPPING events from decorations provider vscode.git 344
[2021-06-30 13:05:25.508] [exthost] [warning] [Decorations] CAPPING events from decorations provider vscode.git 344
[2021-06-30 13:05:30.560] [exthost] [warning] [Decorations] CAPPING events from decorations provider vscode.git 344
[2021-06-30 13:05:36.041] [exthost] [warning] [Decorations] CAPPING events from decorations provider vscode.git 345
[2021-06-30 13:05:41.094] [exthost] [warning] [Decorations] CAPPING events from decorations provider vscode.git 345
[2021-06-30 13:05:46.145] [exthost] [warning] [Decorations] CAPPING events from decorations provider vscode.git 345
[2021-06-30 13:05:51.199] [exthost] [warning] [Decorations] CAPPING events from decorations provider vscode.git 344
[2021-06-30 13:05:56.253] [exthost] [warning] [Decorations] CAPPING events from decorations provider vscode.git 344
[2021-06-30 13:06:02.939] [exthost] [warning] [Decorations] CAPPING events from decorations provider vscode.git 344
[2021-06-30 13:06:07.998] [exthost] [warning] [Decorations] CAPPING events from decorations provider vscode.git 344
[2021-06-30 13:06:13.045] [exthost] [warning] [Decorations] CAPPING events from decorations provider vscode.git 346
[2021-06-30 13:06:18.099] [exthost] [warning] [Decorations] CAPPING events from decorations provider vscode.git 346
[2021-06-30 13:06:23.156] [exthost] [warning] [Decorations] CAPPING events from decorations provider vscode.git 344
[2021-06-30 13:06:50.772] [exthost] [warning] [Decorations] CAPPING events from decorations provider vscode.git 344
[2021-06-30 13:06:55.833] [exthost] [warning] [Decorations] CAPPING events from decorations provider vscode.git 344
[2021-06-30 13:12:00.707] [exthost] [warning] [Decorations] CAPPING events from decorations provider vscode.git 344
[2021-06-30 13:12:05.766] [exthost] [warning] [Decorations] CAPPING events from decorations provider vscode.git 338
[2021-06-30 13:12:10.824] [exthost] [warning] [Decorations] CAPPING events from decorations provider vscode.git 338
[2021-06-30 13:12:15.878] [exthost] [warning] [Decorations] CAPPING events from decorations provider vscode.git 338
[2021-06-30 13:12:20.933] [exthost] [warning] [Decorations] CAPPING events from decorations provider vscode.git 338
[2021-06-30 13:12:25.985] [exthost] [warning] [Decorations] CAPPING events from decorations provider vscode.git 338
[2021-06-30 13:12:31.045] [exthost] [warning] [Decorations] CAPPING events from decorations provider vscode.git 339
[2021-06-30 13:12:36.104] [exthost] [warning] [Decorations] CAPPING events from decorations provider vscode.git 339
[2021-06-30 13:12:41.162] [exthost] [warning] [Decorations] CAPPING events from decorations provider vscode.git 339
[2021-06-30 13:12:46.212] [exthost] [warning] [Decorations] CAPPING events from decorations provider vscode.git 338
[2021-06-30 13:12:51.273] [exthost] [warning] [Decorations] CAPPING events from decorations provider vscode.git 339
[2021-06-30 13:15:13.467] [exthost] [warning] [Decorations] CAPPING events from decorations provider vscode.git 340
[2021-06-30 13:15:18.526] [exthost] [warning] [Decorations] CAPPING events from decorations provider vscode.git 339
[2021-06-30 13:15:23.584] [exthost] [warning] [Decorations] CAPPING events from decorations provider vscode.git 339
[2021-06-30 13:15:28.640] [exthost] [warning] [Decorations] CAPPING events from decorations provider vscode.git 339
[2021-06-30 13:15:33.691] [exthost] [warning] [Decorations] CAPPING events from decorations provider vscode.git 339
[2021-06-30 13:15:38.746] [exthost] [warning] [Decorations] CAPPING events from decorations provider vscode.git 339
[2021-06-30 13:15:43.793] [exthost] [warning] [Decorations] CAPPING events from decorations provider vscode.git 340
[2021-06-30 13:15:48.842] [exthost] [warning] [Decorations] CAPPING events from decorations provider vscode.git 340
[2021-06-30 13:15:53.903] [exthost] [warning] [Decorations] CAPPING events from decorations provider vscode.git 340
[2021-06-30 13:15:58.958] [exthost] [warning] [Decorations] CAPPING events from decorations provider vscode.git 340
[2021-06-30 13:16:04.005] [exthost] [warning] [Decorations] CAPPING events from decorations provider vscode.git 340
[2021-06-30 13:16:09.054] [exthost] [warning] [Decorations] CAPPING events from decorations provider vscode.git 340
[2021-06-30 13:16:14.113] [exthost] [warning] [Decorations] CAPPING events from decorations provider vscode.git 340
[2021-06-30 13:16:19.161] [exthost] [warning] [Decorations] CAPPING events from decorations provider vscode.git 340
[2021-06-30 13:16:30.148] [exthost] [warning] [Decorations] CAPPING events from decorations provider vscode.git 340
[2021-06-30 13:16:35.193] [exthost] [warning] [Decorations] CAPPING events from decorations provider vscode.git 339
[2021-06-30 13:16:40.244] [exthost] [warning] [Decorations] CAPPING events from decorations provider vscode.git 339
[2021-06-30 13:16:45.299] [exthost] [warning] [Decorations] CAPPING events from decorations provider vscode.git 339
[2021-06-30 13:16:50.355] [exthost] [warning] [Decorations] CAPPING events from decorations provider vscode.git 339
[2021-06-30 13:16:55.414] [exthost] [warning] [Decorations] CAPPING events from decorations provider vscode.git 339
[2021-06-30 13:17:00.467] [exthost] [warning] [Decorations] CAPPING events from decorations provider vscode.git 339
[2021-06-30 13:17:05.523] [exthost] [warning] [Decorations] CAPPING events from decorations provider vscode.git 339
[2021-06-30 13:17:13.729] [exthost] [warning] [Decorations] CAPPING events from decorations provider vscode.git 340
[2021-06-30 13:17:18.787] [exthost] [warning] [Decorations] CAPPING events from decorations provider vscode.git 340
[2021-06-30 13:17:23.836] [exthost] [warning] [Decorations] CAPPING events from decorations provider vscode.git 341
[2021-06-30 13:17:28.897] [exthost] [warning] [Decorations] CAPPING events from decorations provider vscode.git 341
[2021-06-30 13:17:33.956] [exthost] [warning] [Decorations] CAPPING events from decorations provider vscode.git 341
[2021-06-30 13:17:39.013] [exthost] [warning] [Decorations] CAPPING events from decorations provider vscode.git 341
[2021-06-30 13:17:44.092] [exthost] [warning] [Decorations] CAPPING events from decorations provider vscode.git 341
[2021-06-30 13:17:55.558] [exthost] [warning] [Decorations] CAPPING events from decorations provider vscode.git 340
[2021-06-30 13:18:00.610] [exthost] [warning] [Decorations] CAPPING events from decorations provider vscode.git 340
[2021-06-30 13:18:05.668] [exthost] [warning] [Decorations] CAPPING events from decorations provider vscode.git 340
[2021-06-30 13:18:10.719] [exthost] [warning] [Decorations] CAPPING events from decorations provider vscode.git 340
[2021-06-30 13:18:23.978] [exthost] [warning] [Decorations] CAPPING events from decorations provider vscode.git 340
[2021-06-30 13:18:29.032] [exthost] [warning] [Decorations] CAPPING events from decorations provider vscode.git 340
[2021-06-30 13:18:34.087] [exthost] [warning] [Decorations] CAPPING events from decorations provider vscode.git 340
[2021-06-30 13:18:39.144] [exthost] [warning] [Decorations] CAPPING events from decorations provider vscode.git 340
[2021-06-30 13:18:44.195] [exthost] [warning] [Decorations] CAPPING events from decorations provider vscode.git 340
[2021-06-30 13:18:49.250] [exthost] [warning] [Decorations] CAPPING events from decorations provider vscode.git 340
[2021-06-30 13:18:54.302] [exthost] [warning] [Decorations] CAPPING events from decorations provider vscode.git 340
[2021-06-30 13:18:59.381] [exthost] [warning] [Decorations] CAPPING events from decorations provider vscode.git 340
[2021-06-30 13:19:04.430] [exthost] [warning] [Decorations] CAPPING events from decorations provider vscode.git 340
[2021-06-30 13:19:09.487] [exthost] [warning] [Decorations] CAPPING events from decorations provider vscode.git 340
[2021-06-30 13:19:14.539] [exthost] [warning] [Decorations] CAPPING events from decorations provider vscode.git 340
[2021-06-30 13:19:19.595] [exthost] [warning] [Decorations] CAPPING events from decorations provider vscode.git 340
[2021-06-30 13:19:24.666] [exthost] [warning] [Decorations] CAPPING events from decorations provider vscode.git 341
[2021-06-30 13:19:29.735] [exthost] [warning] [Decorations] CAPPING events from decorations provider vscode.git 341
[2021-06-30 13:19:40.806] [exthost] [warning] [Decorations] CAPPING events from decorations provider vscode.git 340
[2021-06-30 13:19:45.865] [exthost] [warning] [Decorations] CAPPING events from decorations provider vscode.git 340
[2021-06-30 13:19:50.911] [exthost] [warning] [Decorations] CAPPING events from decorations provider vscode.git 340
[2021-06-30 13:20:05.428] [exthost] [warning] [Decorations] CAPPING events from decorations provider vscode.git 340
[2021-06-30 13:20:13.484] [exthost] [warning] [Decorations] CAPPING events from decorations provider vscode.git 341
[2021-06-30 13:20:37.753] [exthost] [warning] [Decorations] CAPPING events from decorations provider vscode.git 341
[2021-06-30 13:20:54.978] [exthost] [warning] [Decorations] CAPPING events from decorations provider vscode.git 341
[2021-06-30 13:21:09.119] [exthost] [warning] [Decorations] CAPPING events from decorations provider vscode.git 341
[2021-06-30 13:21:52.684] [exthost] [warning] [Decorations] CAPPING events from decorations provider vscode.git 341
[2021-06-30 13:22:30.222] [exthost] [warning] [Decorations] CAPPING events from decorations provider vscode.git 341
[2021-06-30 13:22:35.747] [exthost] [warning] [Decorations] CAPPING events from decorations provider vscode.git 341
[2021-06-30 13:22:40.805] [exthost] [warning] [Decorations] CAPPING events from decorations provider vscode.git 341
[2021-06-30 13:22:41.935] [exthost] [info] extension host terminating: renderer closed the socket
[2021-06-30 13:22:43.799] [exthost] [info] exiting with code 0
